,area,avg_aug_high,avg_feb_low,avg_year_precip,bike_score,city,col_index,housing_cost,lat,lon,pop,pop_density,racial_stdev,state,timestamp,transit_score,walk_score,wiki_url
0,301.5sqmi,82.6,28.9,122.0,83,New York,164.6,"$569,700",40.6635,-73.9387,"8,537,673","28,317/sqmi",10.212032119025087,New York,19:10:18 02/20/18 EST,100,100,https://wikipedia.org/wiki/New_York_City
1,468.7sqmi,96.0,40.9,,82,Los Angeles,164.6,"$569,700",34.0194,-118.4108,"3,976,322","8,484/sqmi",,California,19:10:38 02/20/18 EST,100,95,https://wikipedia.org/wiki/Los_Angeles
2,227.3sqmi,81.9,20.1,124.1,79,Chicago,164.6,"$569,700",41.8376,-87.6818,"2,704,958","11,900/sqmi",12.888444436781345,Illinois,19:10:58 02/20/18 EST,75,74,https://wikipedia.org/wiki/Chicago
3,637.5sqmi,,,,,Houston,,,29.7866,-95.3909,"2,303,482","3,613/sqmi",,Texas,,,,https://wikipedia.org/wiki/Houston
4,517.6sqmi,,,,,Phoenix,,,33.5722,-112.0901,"1,615,017","3,120/sqmi",,Arizona,,,,"https://wikipedia.org/wiki/Phoenix,_Arizona"
5,134.2sqmi,,,,,Philadelphia,,,40.0094,-75.1333,"1,567,872","11,683/sqmi",,Pennsylvania,,,,https://wikipedia.org/wiki/Philadelphia
6,461.0sqmi,,,,,San Antonio,,,29.4724,-98.5251,"1,492,510","3,238/sqmi",,Texas,,,,https://wikipedia.org/wiki/San_Antonio
7,325.2sqmi,,,,,San Diego,,,32.8153,-117.1350,"1,406,630","4,325/sqmi",,California,,,,https://wikipedia.org/wiki/San_Diego
8,340.9sqmi,,,,,Dallas,,,32.7933,-96.7665,"1,317,929","3,866/sqmi",,Texas,,,,https://wikipedia.org/wiki/Dallas
9,177.5sqmi,,,,,San Jose,,,37.2967,-121.8189,"1,025,350","5,777/sqmi",,California,,,,"https://wikipedia.org/wiki/San_Jose,_California"
10,312.7sqmi,,,,,Austin,,,30.3039,-97.7544,"947,890","3,031/sqmi",,Texas,,,,"https://wikipedia.org/wiki/Austin,_Texas"
11,747.4sqmi,,,,,Jacksonville,,,30.3369,-81.6616,"880,619","1,178/sqmi",,Florida,,,,"https://wikipedia.org/wiki/Jacksonville,_Florida"
12,46.9sqmi,,,,,San Francisco,,,37.7272,-123.0322,"870,887","18,569/sqmi",,California,,,,https://wikipedia.org/wiki/San_Francisco
13,218.5sqmi,,,,,Columbus,,,39.9852,-82.9848,"860,090","3,936/sqmi",,Ohio,,,,"https://wikipedia.org/wiki/Columbus,_Ohio"
14,361.5sqmi,,,,,Indianapolis,,,39.7767,-86.1459,"855,164","2,366/sqmi",,Indiana,,,,https://wikipedia.org/wiki/Indianapolis
15,342.9sqmi,,,,,Fort Worth,,,32.7815,-97.3467,"854,113","2,491/sqmi",,Texas,,,,"https://wikipedia.org/wiki/Fort_Worth,_Texas"
16,305.4sqmi,,,,,Charlotte,,,35.2078,-80.8310,"842,051","2,757/sqmi",,North Carolina,,,,"https://wikipedia.org/wiki/Charlotte,_North_Carolina"
17,83.8sqmi,,,,,Seattle,,,47.6205,-122.3509,"704,352","8,405/sqmi",,Washington,,,,https://wikipedia.org/wiki/Seattle
18,153.3sqmi,,,,,Denver,,,39.7619,-104.8811,"693,060","4,521/sqmi",,Colorado,,,,https://wikipedia.org/wiki/Denver
19,256.8sqmi,,,,,El Paso,,,31.8484,-106.4270,"683,080","2,660/sqmi",,Texas,,,,"https://wikipedia.org/wiki/El_Paso,_Texas"
20,61.1sqmi,,,,,Washington,,,38.9041,-77.0172,"681,170","11,148/sqmi",,District of Columbia,,,,"https://wikipedia.org/wiki/Washington,_D.C."
21,48.3sqmi,,,,,Boston,,,42.3320,-71.0202,"673,184","13,938/sqmi",,Massachusetts,,,,https://wikipedia.org/wiki/Boston
22,138.8sqmi,,,,,Detroit,,,42.3830,-83.1022,"672,795","4,847/sqmi",,Michigan,,,,https://wikipedia.org/wiki/Detroit
23,475.9sqmi,,,,,Nashville,,,36.1718,-86.7850,"660,388","1,388/sqmi",,Tennessee,,,,"https://wikipedia.org/wiki/Nashville,_Tennessee"
24,317.4sqmi,,,,,Memphis,,,35.1028,-89.9774,"652,717","2,056/sqmi",,Tennessee,,,,"https://wikipedia.org/wiki/Memphis,_Tennessee"
25,133.5sqmi,,,,,Portland,,,45.5370,-122.6500,"639,863","4,793/sqmi",,Oregon,,,,"https://wikipedia.org/wiki/Portland,_Oregon"
26,606.3sqmi,,,,,Oklahoma City,,,35.4671,-97.5137,"638,367","1,053/sqmi",,Oklahoma,,,,https://wikipedia.org/wiki/Oklahoma_City
27,134.4sqmi,,,,,Las Vegas,,,36.2292,-115.2601,"632,912","4,709/sqmi",,Nevada,,,,https://wikipedia.org/wiki/Las_Vegas
28,263.5sqmi,,,,,Louisville,,,38.1654,-85.6474,"616,261","2,339/sqmi",,Kentucky,,,,"https://wikipedia.org/wiki/Louisville,_Kentucky"
29,80.9sqmi,,,,,Baltimore,,,39.3000,-76.6105,"614,664","7,598/sqmi",,Maryland,,,,https://wikipedia.org/wiki/Baltimore
30,96.2sqmi,,,,,Milwaukee,,,43.0633,-87.9667,"595,047","6,186/sqmi",,Wisconsin,,,,https://wikipedia.org/wiki/Milwaukee
31,188.2sqmi,,,,,Albuquerque,,,35.1056,-106.6474,"559,277","2,972/sqmi",,New Mexico,,,,"https://wikipedia.org/wiki/Albuquerque,_New_Mexico"
32,230.8sqmi,,,,,Tucson,,,32.1531,-110.8706,"530,706","2,299/sqmi",,Arizona,,,,"https://wikipedia.org/wiki/Tucson,_Arizona"
33,114.4sqmi,,,,,Fresno,,,36.7836,-119.7934,"522,053","4,563/sqmi",,California,,,,"https://wikipedia.org/wiki/Fresno,_California"
34,97.9sqmi,,,,,Sacramento,,,38.5666,-121.4686,"495,234","5,059/sqmi",,California,,,,"https://wikipedia.org/wiki/Sacramento,_California"
35,137.9sqmi,,,,,Mesa,,,33.4019,-111.7174,"484,587","3,514/sqmi",,Arizona,,,,"https://wikipedia.org/wiki/Mesa,_Arizona"
36,315.0sqmi,,,,,Kansas City,,,39.1251,-94.5510,"481,420","1,528/sqmi",,Missouri,,,,"https://wikipedia.org/wiki/Kansas_City,_Missouri"
37,133.5sqmi,,,,,Atlanta,,,33.7629,-84.4227,"472,522","3,539/sqmi",,Georgia,,,,https://wikipedia.org/wiki/Atlanta
38,50.3sqmi,,,,,Long Beach,,,33.8092,-118.1553,"470,130","9,347/sqmi",,California,,,,"https://wikipedia.org/wiki/Long_Beach,_California"
39,195.6sqmi,,,,,Colorado Springs,,,38.8673,-104.7607,"465,101","2,378/sqmi",,Colorado,,,,"https://wikipedia.org/wiki/Colorado_Springs,_Colorado"
40,145.1sqmi,,,,,Raleigh,,,35.8306,-78.6418,"458,880","3,163/sqmi",,North Carolina,,,,"https://wikipedia.org/wiki/Raleigh,_North_Carolina"
41,36.0sqmi,,,,,Miami,,,25.7752,-80.2086,"453,579","12,599/sqmi",,Florida,,,,https://wikipedia.org/wiki/Miami
42,244.7sqmi,,,,,Virginia Beach,,,36.7800,-76.0252,"452,602","1,850/sqmi",,Virginia,,,,"https://wikipedia.org/wiki/Virginia_Beach,_Virginia"
43,133.2sqmi,,,,,Omaha,,,41.2644,-96.0451,"446,970","3,356/sqmi",,Nebraska,,,,"https://wikipedia.org/wiki/Omaha,_Nebraska"
44,55.9sqmi,,,,,Oakland,,,37.7698,-122.2257,"420,005","7,514/sqmi",,California,,,,"https://wikipedia.org/wiki/Oakland,_California"
45,54.0sqmi,,,,,Minneapolis,,,44.9633,-93.2683,"413,651","7,660/sqmi",,Minnesota,,,,https://wikipedia.org/wiki/Minneapolis
46,196.8sqmi,,,,,Tulsa,,,36.1279,-95.9023,"403,090","2,048/sqmi",,Oklahoma,,,,"https://wikipedia.org/wiki/Tulsa,_Oklahoma"
47,95.8sqmi,,,,,Arlington,,,32.7007,-97.1247,"392,772","4,100/sqmi",,Texas,,,,"https://wikipedia.org/wiki/Arlington,_Texas"
48,169.4sqmi,,,,,New Orleans,,,30.0534,-89.9345,"391,495","2,311/sqmi",,Louisiana,,,,https://wikipedia.org/wiki/New_Orleans
49,160.4sqmi,,,,,Wichita,,,37.6907,-97.3459,"389,902","2,431/sqmi",,Kansas,,,,"https://wikipedia.org/wiki/Wichita,_Kansas"
50,77.7sqmi,,,,,Cleveland,,,41.4785,-81.6794,"385,809","4,965/sqmi",,Ohio,,,,https://wikipedia.org/wiki/Cleveland
51,113.4sqmi,,,,,Tampa,,,27.9701,-82.4797,"377,165","3,326/sqmi",,Florida,,,,"https://wikipedia.org/wiki/Tampa,_Florida"
52,148.8sqmi,,,,,Bakersfield,,,35.3212,-119.0183,"376,380","2,529/sqmi",,California,,,,"https://wikipedia.org/wiki/Bakersfield,_California"
53,153.5sqmi,,,,,Aurora,,,39.6880,-104.6897,"361,710","2,356/sqmi",,Colorado,,,,"https://wikipedia.org/wiki/Aurora,_Colorado"
54,60.5sqmi,,,,,Honolulu,,,21.3243,-157.8476,"351,792","5,815/sqmi",,Hawaii,,,,https://wikipedia.org/wiki/Honolulu
55,50.0sqmi,,,,,Anaheim,,,33.8555,-117.7601,"351,043","7,021/sqmi",,California,,,,"https://wikipedia.org/wiki/Anaheim,_California"
56,27.1sqmi,,,,,Santa Ana,,,33.7363,-117.8830,"334,217","12,333/sqmi",,California,,,,"https://wikipedia.org/wiki/Santa_Ana,_California"
57,174.6sqmi,,,,,Corpus Christi,,,27.7543,-97.1734,"325,733","1,866/sqmi",,Texas,,,,"https://wikipedia.org/wiki/Corpus_Christi,_Texas"
58,81.2sqmi,,,,,Riverside,,,33.9381,-117.3932,"324,722","3,999/sqmi",,California,,,,"https://wikipedia.org/wiki/Riverside,_California"
59,283.6sqmi,,,,,Lexington,,,38.0407,-84.4583,"318,449","1,123/sqmi",,Kentucky,,,,"https://wikipedia.org/wiki/Lexington,_Kentucky"
60,62.0sqmi,,,,,St. Louis,,,38.6357,-90.2446,"311,404","5,023/sqmi",,Missouri,,,,https://wikipedia.org/wiki/St._Louis
61,61.7sqmi,,,,,Stockton,,,37.9763,-121.3133,"307,072","4,977/sqmi",,California,,,,"https://wikipedia.org/wiki/Stockton,_California"
62,55.4sqmi,,,,,Pittsburgh,,,40.4398,-79.9766,"303,625","5,481/sqmi",,Pennsylvania,,,,https://wikipedia.org/wiki/Pittsburgh
63,52.0sqmi,,,,,Saint Paul,,,44.9489,-93.1041,"302,398","5,815/sqmi",,Minnesota,,,,"https://wikipedia.org/wiki/St._Paul,_Minnesota"
64,77.4sqmi,,,,,Cincinnati,,,39.1402,-84.5058,"298,800","3,860/sqmi",,Ohio,,,,https://wikipedia.org/wiki/Cincinnati
65,"1,706.6sqmi",,,,,Anchorage,,,61.1743,-149.2843,"298,192",175/sqmi,,Alaska,,,,"https://wikipedia.org/wiki/Anchorage,_Alaska"
66,104.7sqmi,,,,,Henderson,,,36.0097,-115.0357,"292,969","2,798/sqmi",,Nevada,,,,"https://wikipedia.org/wiki/Henderson,_Nevada"
67,128.3sqmi,,,,,Greensboro,,,36.0951,-79.8270,"287,027","2,237/sqmi",,North Carolina,,,,"https://wikipedia.org/wiki/Greensboro,_North_Carolina"
68,71.7sqmi,,,,,Plano,,,33.0508,-96.7479,"286,057","3,990/sqmi",,Texas,,,,"https://wikipedia.org/wiki/Plano,_Texas"
69,24.1sqmi,,,,,Newark,,,40.7242,-74.1726,"281,764","11,691/sqmi",,New Jersey,,,,"https://wikipedia.org/wiki/Newark,_New_Jersey"
70,92.1sqmi,,,,,Lincoln,,,40.8105,-96.6803,"280,364","3,044/sqmi",,Nebraska,,,,"https://wikipedia.org/wiki/Lincoln,_Nebraska"
71,80.7sqmi,,,,,Toledo,,,41.6641,-83.5819,"278,508","3,451/sqmi",,Ohio,,,,"https://wikipedia.org/wiki/Toledo,_Ohio"
72,105.2sqmi,,,,,Orlando,,,28.4166,-81.2736,"277,173","2,635/sqmi",,Florida,,,,"https://wikipedia.org/wiki/Orlando,_Florida"
73,49.6sqmi,,,,,Chula Vista,,,32.6277,-117.0152,"267,172","5,387/sqmi",,California,,,,"https://wikipedia.org/wiki/Chula_Vista,_California"
74,65.6sqmi,,,,,Irvine,,,33.6784,-117.7713,"266,122","4,057/sqmi",,California,,,,"https://wikipedia.org/wiki/Irvine,_California"
75,110.6sqmi,,,,,Fort Wayne,,,41.0882,-85.1439,"264,488","2,391/sqmi",,Indiana,,,,"https://wikipedia.org/wiki/Fort_Wayne,_Indiana"
76,14.8sqmi,,,,,Jersey City,,,40.7114,-74.0648,"264,152","17,848/sqmi",,New Jersey,,,,"https://wikipedia.org/wiki/Jersey_City,_New_Jersey"
77,109.8sqmi,,,,,Durham,,,35.9811,-78.9029,"263,016","2,395/sqmi",,North Carolina,,,,"https://wikipedia.org/wiki/Durham,_North_Carolina"
78,61.8sqmi,,,,,St. Petersburg,,,27.7620,-82.6441,"260,999","4,223/sqmi",,Florida,,,,"https://wikipedia.org/wiki/St._Petersburg,_Florida"
79,101.1sqmi,,,,,Laredo,,,27.5604,-99.4892,"257,156","2,544/sqmi",,Texas,,,,"https://wikipedia.org/wiki/Laredo,_Texas"
80,40.4sqmi,,,,,Buffalo,,,42.8925,-78.8597,"256,902","6,359/sqmi",,New York,,,,"https://wikipedia.org/wiki/Buffalo,_New_York"
81,77.0sqmi,,,,,Madison,,,43.0878,-89.4299,"252,551","3,280/sqmi",,Wisconsin,,,,"https://wikipedia.org/wiki/Madison,_Wisconsin"
82,124.6sqmi,,,,,Lubbock,,,33.5656,-101.8867,"252,506","2,027/sqmi",,Texas,,,,"https://wikipedia.org/wiki/Lubbock,_Texas"
83,64.9sqmi,,,,,Chandler,,,33.2829,-111.8549,"247,477","3,813/sqmi",,Arizona,,,,"https://wikipedia.org/wiki/Chandler,_Arizona"
84,183.9sqmi,,,,,Scottsdale,,,33.6843,-111.8611,"246,645","1,341/sqmi",,Arizona,,,,"https://wikipedia.org/wiki/Scottsdale,_Arizona"
85,59.1sqmi,,,,,Glendale,,,33.5331,-112.1899,"245,895","4,161/sqmi",,Arizona,,,,"https://wikipedia.org/wiki/Glendale,_Arizona"
86,107.3sqmi,,,,,Reno,,,39.5491,-119.8499,"245,255","2,286/sqmi",,Nevada,,,,"https://wikipedia.org/wiki/Reno,_Nevada"
87,53.3sqmi,,,,,Norfolk,,,36.9230,-76.2446,"245,115","4,599/sqmi",,Virginia,,,,"https://wikipedia.org/wiki/Norfolk,_Virginia"
88,132.5sqmi,,,,,Winston–Salem,,,36.1027,-80.2610,"242,203","1,828/sqmi",,North Carolina,,,,"https://wikipedia.org/wiki/Winston%E2%80%93Salem,_North_Carolina"
89,98.0sqmi,,,,,North Las Vegas,,,36.2857,-115.0939,"238,702","2,436/sqmi",,Nevada,,,,"https://wikipedia.org/wiki/North_Las_Vegas,_Nevada"
90,67.0sqmi,,,,,Irving,,,32.8577,-96.9700,"238,289","3,557/sqmi",,Texas,,,,"https://wikipedia.org/wiki/Irving,_Texas"
91,338.5sqmi,,,,,Chesapeake,,,36.6794,-76.3018,"237,940",703/sqmi,,Virginia,,,,"https://wikipedia.org/wiki/Chesapeake,_Virginia"
92,68.0sqmi,,,,,Gilbert,,,33.3103,-111.7431,"237,133","3,487/sqmi",,Arizona,,,,"https://wikipedia.org/wiki/Gilbert,_Arizona"
93,21.5sqmi,,,,,Hialeah,,,25.8699,-80.3029,"236,387","10,995/sqmi",,Florida,,,,"https://wikipedia.org/wiki/Hialeah,_Florida"
94,57.0sqmi,,,,,Garland,,,32.9098,-96.6303,"234,943","4,122/sqmi",,Texas,,,,"https://wikipedia.org/wiki/Garland,_Texas"
95,77.5sqmi,,,,,Fremont,,,37.4945,-121.9412,"233,136","3,008/sqmi",,California,,,,"https://wikipedia.org/wiki/Fremont,_California"
96,85.9sqmi,,,,,Baton Rouge,,,30.4422,-91.1309,"227,715","2,651/sqmi",,Louisiana,,,,"https://wikipedia.org/wiki/Baton_Rouge,_Louisiana"
97,59.8sqmi,,,,,Richmond,,,37.5314,-77.4760,"223,170","3,732/sqmi",,Virginia,,,,"https://wikipedia.org/wiki/Richmond,_Virginia"
98,82.1sqmi,,,,,Boise,,,43.6002,-116.2317,"223,154","2,718/sqmi",,Idaho,,,,"https://wikipedia.org/wiki/Boise,_Idaho"
99,61.5sqmi,,,,,San Bernardino,,,34.1416,-117.2936,"216,239","3,516/sqmi",,California,,,,"https://wikipedia.org/wiki/San_Bernardino,_California"
100,68.7sqmi,,,,,Spokane,,,47.6669,-117.4333,"215,973","3,144/sqmi",,Washington,,,,"https://wikipedia.org/wiki/Spokane,_Washington"
101,88.9sqmi,,,,,Des Moines,,,41.5726,-93.6102,"215,472","2,424/sqmi",,Iowa,,,,"https://wikipedia.org/wiki/Des_Moines,_Iowa"
102,43.0sqmi,,,,,Modesto,,,37.6375,-121.0030,"212,175","4,934/sqmi",,California,,,,"https://wikipedia.org/wiki/Modesto,_California"
103,146.1sqmi,,,,,Birmingham,,,33.5274,-86.7990,"212,157","1,452/sqmi",,Alabama,,,,"https://wikipedia.org/wiki/Birmingham,_Alabama"
104,49.7sqmi,,,,,Tacoma,,,47.2522,-122.4598,"211,277","4,251/sqmi",,Washington,,,,"https://wikipedia.org/wiki/Tacoma,_Washington"
105,43.0sqmi,,,,,Fontana,,,34.1090,-117.4629,"209,665","4,876/sqmi",,California,,,,"https://wikipedia.org/wiki/Fontana,_California"
106,35.8sqmi,,,,,Rochester,,,43.1699,-77.6169,"208,880","5,835/sqmi",,New York,,,,"https://wikipedia.org/wiki/Rochester,_New_York"
107,26.9sqmi,,,,,Oxnard,,,34.2023,-119.2046,"207,906","7,729/sqmi",,California,,,,"https://wikipedia.org/wiki/Oxnard,_California"
108,51.3sqmi,,,,,Moreno Valley,,,33.9233,-117.2057,"205,499","4,006/sqmi",,California,,,,"https://wikipedia.org/wiki/Moreno_Valley,_California"
109,147.7sqmi,,,,,Fayetteville,,,35.0828,-78.9735,"204,759","1,386/sqmi",,North Carolina,,,,"https://wikipedia.org/wiki/Fayetteville,_North_Carolina"
110,44.9sqmi,,,,,Aurora,,,41.7635,-88.2901,"201,110","4,479/sqmi",,Illinois,,,,"https://wikipedia.org/wiki/Aurora,_Illinois"
111,30.4sqmi,,,,,Glendale,,,34.1814,-118.2458,"200,831","6,606/sqmi",,California,,,,"https://wikipedia.org/wiki/Glendale,_California"
112,18.0sqmi,,,,,Yonkers,,,40.9459,-73.8674,"200,807","11,156/sqmi",,New York,,,,"https://wikipedia.org/wiki/Yonkers,_New_York"
113,26.9sqmi,,,,,Huntington Beach,,,33.6906,-118.0093,"200,652","7,459/sqmi",,California,,,,"https://wikipedia.org/wiki/Huntington_Beach,_California"
114,159.8sqmi,,,,,Montgomery,,,32.3472,-86.2661,"200,022","1,252/sqmi",,Alabama,,,,"https://wikipedia.org/wiki/Montgomery,_Alabama"
115,101.4sqmi,,,,,Amarillo,,,35.1999,-101.8302,"199,582","1,968/sqmi",,Texas,,,,"https://wikipedia.org/wiki/Amarillo,_Texas"
116,118.7sqmi,,,,,Little Rock,,,34.7254,-92.3586,"198,541","1,673/sqmi",,Arkansas,,,,"https://wikipedia.org/wiki/Little_Rock,_Arkansas"
117,62.0sqmi,,,,,Akron,,,41.0805,-81.5214,"197,633","3,188/sqmi",,Ohio,,,,"https://wikipedia.org/wiki/Akron,_Ohio"
118,216.4sqmi,,,,,Columbus,,,32.5102,-84.8749,"197,485",913/sqmi,,Georgia,,,,"https://wikipedia.org/wiki/Columbus,_Georgia"
119,302.5sqmi,,,,,Augusta,,,33.3655,-82.0734,"197,081",652/sqmi,,Georgia,,,,"https://wikipedia.org/wiki/Augusta,_Georgia"
120,44.4sqmi,,,,,Grand Rapids,,,42.9612,-85.6556,"196,445","4,424/sqmi",,Michigan,,,,"https://wikipedia.org/wiki/Grand_Rapids,_Michigan"
121,107.1sqmi,,,,,Shreveport,,,32.4669,-93.7922,"194,920","1,820/sqmi",,Louisiana,,,,"https://wikipedia.org/wiki/Shreveport,_Louisiana"
122,111.2sqmi,,,,,Salt Lake City,,,40.7769,-111.9310,"193,744","1,742/sqmi",,Utah,,,,https://wikipedia.org/wiki/Salt_Lake_City
123,213.4sqmi,,,,,Huntsville,,,34.6990,-86.6730,"193,079",905/sqmi,,Alabama,,,,"https://wikipedia.org/wiki/Huntsville,_Alabama"
124,139.4sqmi,,,,,Mobile,,,30.6684,-88.1002,"192,904","1,384/sqmi",,Alabama,,,,"https://wikipedia.org/wiki/Mobile,_Alabama"
125,100.4sqmi,,,,,Tallahassee,,,30.4551,-84.2534,"190,894","1,901/sqmi",,Florida,,,,"https://wikipedia.org/wiki/Tallahassee,_Florida"
126,72.3sqmi,,,,,Grand Prairie,,,32.6869,-97.0211,"190,682","2,637/sqmi",,Texas,,,,"https://wikipedia.org/wiki/Grand_Prairie,_Texas"
127,75.1sqmi,,,,,Overland Park,,,38.8890,-94.6906,"188,966","2,516/sqmi",,Kansas,,,,"https://wikipedia.org/wiki/Overland_Park,_Kansas"
128,98.5sqmi,,,,,Knoxville,,,35.9707,-83.9493,"186,239","1,891/sqmi",,Tennessee,,,,"https://wikipedia.org/wiki/Knoxville,_Tennessee"
129,118.9sqmi,,,,,Port St. Lucie,,,27.2806,-80.3883,"185,132","1,557/sqmi",,Florida,,,,"https://wikipedia.org/wiki/Port_St._Lucie,_Florida"
130,37.4sqmi,,,,,Worcester,,,42.2695,-71.8078,"184,508","4,933/sqmi",,Massachusetts,,,,"https://wikipedia.org/wiki/Worcester,_Massachusetts"
131,132.5sqmi,,,,,Brownsville,,,25.9991,-97.4550,"183,823","1,387/sqmi",,Texas,,,,"https://wikipedia.org/wiki/Brownsville,_Texas"
132,40.0sqmi,,,,,Tempe,,,33.3884,-111.9318,"182,498","4,562/sqmi",,Arizona,,,,"https://wikipedia.org/wiki/Tempe,_Arizona"
133,52.8sqmi,,,,,Santa Clarita,,,34.4030,-118.5042,"181,972","3,446/sqmi",,California,,,,"https://wikipedia.org/wiki/Santa_Clarita,_California"
134,69.1sqmi,,,,,Newport News,,,37.0762,-76.5220,"181,825","2,631/sqmi",,Virginia,,,,"https://wikipedia.org/wiki/Newport_News,_Virginia"
135,105.6sqmi,,,,,Cape Coral,,,26.6432,-81.9974,"179,804","1,703/sqmi",,Florida,,,,"https://wikipedia.org/wiki/Cape_Coral,_Florida"
136,18.4sqmi,,,,,Providence,,,41.8231,-71.4188,"179,219","9,740/sqmi",,Rhode Island,,,,"https://wikipedia.org/wiki/Providence,_Rhode_Island"
137,34.6sqmi,,,,,Fort Lauderdale,,,26.1412,-80.1467,"178,752","5,166/sqmi",,Florida,,,,"https://wikipedia.org/wiki/Fort_Lauderdale,_Florida"
138,143.1sqmi,,,,,Chattanooga,,,35.0660,-85.2484,"177,571","1,241/sqmi",,Tennessee,,,,"https://wikipedia.org/wiki/Chattanooga,_Tennessee"
139,40.0sqmi,,,,,Rancho Cucamonga,,,34.1233,-117.5642,"176,534","4,413/sqmi",,California,,,,"https://wikipedia.org/wiki/Rancho_Cucamonga,_California"
140,41.3sqmi,,,,,Oceanside,,,33.2245,-117.3062,"175,464","4,249/sqmi",,California,,,,"https://wikipedia.org/wiki/Oceanside,_California"
141,41.3sqmi,,,,,Santa Rosa,,,38.4468,-122.7061,"175,155","4,241/sqmi",,California,,,,"https://wikipedia.org/wiki/Santa_Rosa,_California"
142,18.0sqmi,,,,,Garden Grove,,,33.7788,-117.9605,"174,858","9,714/sqmi",,California,,,,"https://wikipedia.org/wiki/Garden_Grove,_California"
143,46.9sqmi,,,,,Vancouver,,,45.6349,-122.5957,"174,826","3,728/sqmi",,Washington,,,,"https://wikipedia.org/wiki/Vancouver,_Washington"
144,75.4sqmi,,,,,Sioux Falls,,,43.5383,-96.7320,"174,360","2,312/sqmi",,South Dakota,,,,"https://wikipedia.org/wiki/Sioux_Falls,_South_Dakota"
145,49.9sqmi,,,,,Ontario,,,34.0394,-117.6042,"173,212","3,471/sqmi",,California,,,,"https://wikipedia.org/wiki/Ontario,_California"
146,63.0sqmi,,,,,McKinney,,,33.1985,-96.6680,"172,298","2,735/sqmi",,Texas,,,,"https://wikipedia.org/wiki/McKinney,_Texas"
147,42.2sqmi,,,,,Elk Grove,,,38.4146,-121.3850,"169,743","4,022/sqmi",,California,,,,"https://wikipedia.org/wiki/Elk_Grove,_California"
148,111.0sqmi,,,,,Jackson,,,32.3158,-90.2128,"169,148","1,524/sqmi",,Mississippi,,,,"https://wikipedia.org/wiki/Jackson,_Mississippi"
149,33.0sqmi,,,,,Pembroke Pines,,,26.0210,-80.3404,"168,587","5,109/sqmi",,Florida,,,,"https://wikipedia.org/wiki/Pembroke_Pines,_Florida"
150,48.6sqmi,,,,,Salem,,,44.9237,-123.0232,"167,419","3,445/sqmi",,Oregon,,,,"https://wikipedia.org/wiki/Salem,_Oregon"
151,82.3sqmi,,,,,Springfield,,,37.1942,-93.2913,"167,319","2,033/sqmi",,Missouri,,,,"https://wikipedia.org/wiki/Springfield,_Missouri"
152,39.5sqmi,,,,,Corona,,,33.8620,-117.5655,"166,785","4,222/sqmi",,California,,,,"https://wikipedia.org/wiki/Corona,_California"
153,44.1sqmi,,,,,Eugene,,,44.0567,-123.1162,"166,575","3,777/sqmi",,Oregon,,,,"https://wikipedia.org/wiki/Eugene,_Oregon"
154,55.8sqmi,,,,,Fort Collins,,,40.5482,-105.0648,"164,207","2,943/sqmi",,Colorado,,,,"https://wikipedia.org/wiki/Fort_Collins,_Colorado"
155,175.7sqmi,,,,,Peoria,,,33.7862,-112.3080,"164,173",934/sqmi,,Arizona,,,,"https://wikipedia.org/wiki/Peoria,_Arizona"
156,67.7sqmi,,,,,Frisco,,,33.1554,-96.8226,"163,656","2,417/sqmi",,Texas,,,,"https://wikipedia.org/wiki/Frisco,_Texas"
157,56.5sqmi,,,,,Cary,,,35.7809,-78.8133,"162,320","2,873/sqmi",,North Carolina,,,,"https://wikipedia.org/wiki/Cary,_North_Carolina"
158,94.3sqmi,,,,,Lancaster,,,34.6936,-118.1753,"160,106","1,698/sqmi",,California,,,,"https://wikipedia.org/wiki/Lancaster,_California"
159,45.5sqmi,,,,,Hayward,,,37.6287,-122.1024,"158,937","3,493/sqmi",,California,,,,"https://wikipedia.org/wiki/Hayward,_California"
160,106.0sqmi,,,,,Palmdale,,,34.5910,-118.1054,"157,356","1,484/sqmi",,California,,,,"https://wikipedia.org/wiki/Palmdale,_California"
161,23.6sqmi,,,,,Salinas,,,36.6902,-121.6337,"157,218","6,662/sqmi",,California,,,,"https://wikipedia.org/wiki/Salinas,_California"
162,15.0sqmi,,,,,Alexandria,,,38.8201,-77.0841,"155,810","10,387/sqmi",,Virginia,,,,"https://wikipedia.org/wiki/Alexandria,_Virginia"
163,42.9sqmi,,,,,Lakewood,,,39.6989,-105.1176,"154,393","3,599/sqmi",,Colorado,,,,"https://wikipedia.org/wiki/Lakewood,_Colorado"
164,31.9sqmi,,,,,Springfield,,,42.1155,-72.5400,"154,074","4,830/sqmi",,Massachusetts,,,,"https://wikipedia.org/wiki/Springfield,_Massachusetts"
165,43.5sqmi,,,,,Pasadena,,,29.6586,-95.1506,"153,351","3,525/sqmi",,Texas,,,,"https://wikipedia.org/wiki/Pasadena,_Texas"
166,22.0sqmi,,,,,Sunnyvale,,,37.3858,-122.0263,"152,771","6,944/sqmi",,California,,,,"https://wikipedia.org/wiki/Sunnyvale,_California"
167,249.3sqmi,,,,,Macon,,,32.8088,-83.6942,"152,555",612/sqmi,,Georgia,,,,"https://wikipedia.org/wiki/Macon,_Georgia"
168,23.0sqmi,,,,,Pomona,,,34.0585,-117.7611,"152,494","6,630/sqmi",,California,,,,"https://wikipedia.org/wiki/Pomona,_California"
169,27.3sqmi,,,,,Hollywood,,,26.0310,-80.1646,"151,998","5,568/sqmi",,Florida,,,,"https://wikipedia.org/wiki/Hollywood,_Florida"
170,124.8sqmi,,,,,Kansas City,,,39.1225,-94.7418,"151,709","1,216/sqmi",,Kansas,,,,"https://wikipedia.org/wiki/Kansas_City,_Kansas"
171,37.1sqmi,,,,,Escondido,,,33.1331,-117.0740,"151,613","4,087/sqmi",,California,,,,"https://wikipedia.org/wiki/Escondido,_California"
172,98.3sqmi,,,,,Clarksville,,,36.5664,-87.3452,"150,287","1,529/sqmi",,Tennessee,,,,"https://wikipedia.org/wiki/Clarksville,_Tennessee"
173,64.4sqmi,,,,,Joliet,,,41.5177,-88.1488,"148,262","2,302/sqmi",,Illinois,,,,"https://wikipedia.org/wiki/Joliet,_Illinois"
174,63.5sqmi,,,,,Rockford,,,42.2588,-89.0646,"147,651","2,325/sqmi",,Illinois,,,,"https://wikipedia.org/wiki/Rockford,_Illinois"
175,20.5sqmi,,,,,Torrance,,,33.8350,-118.3414,"147,195","7,180/sqmi",,California,,,,"https://wikipedia.org/wiki/Torrance,_California"
176,38.7sqmi,,,,,Naperville,,,41.7492,-88.1620,"147,122","3,802/sqmi",,Illinois,,,,"https://wikipedia.org/wiki/Naperville,_Illinois"
177,8.4sqmi,,,,,Paterson,,,40.9148,-74.1628,"147,000","17,500/sqmi",,New Jersey,,,,"https://wikipedia.org/wiki/Paterson,_New_Jersey"
178,103.6sqmi,,,,,Savannah,,,32.0025,-81.1536,"146,763","1,417/sqmi",,Georgia,,,,"https://wikipedia.org/wiki/Savannah,_Georgia"
179,16.1sqmi,,,,,Bridgeport,,,41.1874,-73.1958,"145,936","9,064/sqmi",,Connecticut,,,,"https://wikipedia.org/wiki/Bridgeport,_Connecticut"
180,47.2sqmi,,,,,Mesquite,,,32.7629,-96.5888,"143,736","3,045/sqmi",,Texas,,,,"https://wikipedia.org/wiki/Mesquite,_Texas"
181,53.5sqmi,,,,,Killeen,,,31.0777,-97.7320,"143,400","2,680/sqmi",,Texas,,,,"https://wikipedia.org/wiki/Killeen,_Texas"
182,25.0sqmi,,,,,Syracuse,,,43.0410,-76.1436,"143,378","5,735/sqmi",,New York,,,,"https://wikipedia.org/wiki/Syracuse,_New_York"
183,58.4sqmi,,,,,McAllen,,,26.2322,-98.2464,"142,212","2,435/sqmi",,Texas,,,,"https://wikipedia.org/wiki/McAllen,_Texas"
184,23.0sqmi,,,,,Pasadena,,,34.1606,-118.1396,"142,059","6,176/sqmi",,California,,,,"https://wikipedia.org/wiki/Pasadena,_California"
185,33.5sqmi,,,,,Bellevue,,,47.5979,-122.1565,"141,400","4,221/sqmi",,Washington,,,,"https://wikipedia.org/wiki/Bellevue,_Washington"
186,22.4sqmi,,,,,Fullerton,,,33.8857,-117.9280,"140,721","6,282/sqmi",,California,,,,"https://wikipedia.org/wiki/Fullerton,_California"
187,25.4sqmi,,,,,Orange,,,33.7870,-117.8613,"140,504","5,532/sqmi",,California,,,,"https://wikipedia.org/wiki/Orange,_California"
188,55.7sqmi,,,,,Dayton,,,39.7774,-84.1996,"140,489","2,522/sqmi",,Ohio,,,,"https://wikipedia.org/wiki/Dayton,_Ohio"
189,29.4sqmi,,,,,Miramar,,,25.9770,-80.3358,"138,449","4,709/sqmi",,Florida,,,,"https://wikipedia.org/wiki/Miramar,_Florida"
190,35.7sqmi,,,,,Thornton,,,39.9194,-104.9428,"136,703","3,829/sqmi",,Colorado,,,,"https://wikipedia.org/wiki/Thornton,_Colorado"
191,35.5sqmi,,,,,West Valley City,,,40.6885,-112.0118,"136,574","3,847/sqmi",,Utah,,,,"https://wikipedia.org/wiki/West_Valley_City,_Utah"
192,60.9sqmi,,,,,Olathe,,,38.8843,-94.8195,"135,473","2,225/sqmi",,Kansas,,,,"https://wikipedia.org/wiki/Olathe,_Kansas"
193,51.5sqmi,,,,,Hampton,,,37.0480,-76.2971,"135,410","2,629/sqmi",,Virginia,,,,"https://wikipedia.org/wiki/Hampton,_Virginia"
194,34.4sqmi,,,,,Warren,,,42.4929,-83.0250,"135,125","3,928/sqmi",,Michigan,,,,"https://wikipedia.org/wiki/Warren,_Michigan"
195,74.4sqmi,,,,,Midland,,,32.0246,-102.1135,"134,610","1,809/sqmi",,Texas,,,,"https://wikipedia.org/wiki/Midland,_Texas"
196,89.0sqmi,,,,,Waco,,,31.5601,-97.1860,"134,432","1,510/sqmi",,Texas,,,,"https://wikipedia.org/wiki/Waco,_Texas"
197,109.0sqmi,,,,,Charleston,,,32.8179,-79.9590,"134,385","1,233/sqmi",,South Carolina,,,,"https://wikipedia.org/wiki/Charleston,_South_Carolina"
198,133.5sqmi,,,,,Columbia,,,34.0291,-80.8980,"134,309","1,006/sqmi",,South Carolina,,,,"https://wikipedia.org/wiki/Columbia,_South_Carolina"
199,93.4sqmi,,,,,Denton,,,33.2166,-97.1414,"133,808","1,433/sqmi",,Texas,,,,"https://wikipedia.org/wiki/Denton,_Texas"
200,36.3sqmi,,,,,Carrollton,,,32.9884,-96.8998,"133,351","3,674/sqmi",,Texas,,,,"https://wikipedia.org/wiki/Carrollton,_Texas"
201,107.9sqmi,,,,,Surprise,,,33.6706,-112.4527,"132,677","1,230/sqmi",,Arizona,,,,"https://wikipedia.org/wiki/Surprise,_Arizona"
202,43.0sqmi,,,,,Roseville,,,38.7690,-121.3189,"132,671","3,085/sqmi",,California,,,,"https://wikipedia.org/wiki/Roseville,_California"
203,36.5sqmi,,,,,Sterling Heights,,,42.5812,-83.0303,"132,427","3,628/sqmi",,Michigan,,,,"https://wikipedia.org/wiki/Sterling_Heights,_Michigan"
204,55.9sqmi,,,,,Murfreesboro,,,35.8522,-86.4160,"131,947","2,360/sqmi",,Tennessee,,,,"https://wikipedia.org/wiki/Murfreesboro,_Tennessee"
205,62.3sqmi,,,,,Gainesville,,,29.6788,-82.3461,"131,591","2,112/sqmi",,Florida,,,,"https://wikipedia.org/wiki/Gainesville,_Florida"
206,70.8sqmi,,,,,Cedar Rapids,,,41.9670,-91.6778,"131,127","1,852/sqmi",,Iowa,,,,"https://wikipedia.org/wiki/Cedar_Rapids,_Iowa"
207,37.5sqmi,,,,,Visalia,,,36.3273,-119.3289,"131,074","3,495/sqmi",,California,,,,"https://wikipedia.org/wiki/Visalia,_California"
208,23.8sqmi,,,,,Coral Springs,,,26.2707,-80.2593,"130,059","5,465/sqmi",,Florida,,,,"https://wikipedia.org/wiki/Coral_Springs,_Florida"
209,18.7sqmi,,,,,New Haven,,,41.3108,-72.9250,"129,934","6,948/sqmi",,Connecticut,,,,"https://wikipedia.org/wiki/New_Haven,_Connecticut"
210,37.6sqmi,,,,,Stamford,,,41.0799,-73.5460,"129,113","3,434/sqmi",,Connecticut,,,,"https://wikipedia.org/wiki/Stamford,_Connecticut"
211,55.2sqmi,,,,,Thousand Oaks,,,34.1933,-118.8742,"128,888","2,335/sqmi",,California,,,,"https://wikipedia.org/wiki/Thousand_Oaks,_California"
212,30.5sqmi,,,,,Concord,,,37.9722,-122.0016,"128,726","4,221/sqmi",,California,,,,"https://wikipedia.org/wiki/Concord,_California"
213,12.3sqmi,,,,,Elizabeth,,,40.6664,-74.1935,"128,640","10,459/sqmi",,New Jersey,,,,"https://wikipedia.org/wiki/Elizabeth,_New_Jersey"
214,53.8sqmi,,,,,Lafayette,,,30.2074,-92.0285,"127,626","2,372/sqmi",,Louisiana,,,,"https://wikipedia.org/wiki/Lafayette,_Louisiana"
215,33.7sqmi,,,,,Kent,,,47.3880,-122.2127,"127,514","3,784/sqmi",,Washington,,,,"https://wikipedia.org/wiki/Kent,_Washington"
216,61.5sqmi,,,,,Topeka,,,39.0347,-95.6962,"126,808","2,062/sqmi",,Kansas,,,,"https://wikipedia.org/wiki/Topeka,_Kansas"
217,41.5sqmi,,,,,Simi Valley,,,34.2669,-118.7485,"126,327","3,044/sqmi",,California,,,,"https://wikipedia.org/wiki/Simi_Valley,_California"
218,18.4sqmi,,,,,Santa Clara,,,37.3646,-121.9679,"125,948","6,845/sqmi",,California,,,,"https://wikipedia.org/wiki/Santa_Clara,_California"
219,116.4sqmi,,,,,Athens,,,33.9496,-83.3701,"123,371","1,060/sqmi",,Georgia,,,,"https://wikipedia.org/wiki/Athens,_Georgia"
220,17.4sqmi,,,,,Hartford,,,41.7659,-72.6816,"123,243","7,083/sqmi",,Connecticut,,,,"https://wikipedia.org/wiki/Hartford,_Connecticut"
221,73.3sqmi,,,,,Victorville,,,34.5277,-117.3536,"122,265","1,668/sqmi",,California,,,,"https://wikipedia.org/wiki/Victorville,_California"
222,106.7sqmi,,,,,Abilene,,,32.4545,-99.7381,"122,225","1,146/sqmi",,Texas,,,,"https://wikipedia.org/wiki/Abilene,_Texas"
223,178.8sqmi,,,,,Norman,,,35.2406,-97.3453,"122,180",683/sqmi,,Oklahoma,,,,"https://wikipedia.org/wiki/Norman,_Oklahoma"
224,30.7sqmi,,,,,Vallejo,,,38.1079,-122.2640,"121,299","3,951/sqmi",,California,,,,"https://wikipedia.org/wiki/Vallejo,_California"
225,10.5sqmi,,,,,Berkeley,,,37.8670,-122.2991,"121,240","11,547/sqmi",,California,,,,"https://wikipedia.org/wiki/Berkeley,_California"
226,35.6sqmi,,,,,Round Rock,,,30.5252,-97.6660,"120,892","3,396/sqmi",,Texas,,,,"https://wikipedia.org/wiki/Round_Rock,_Texas"
227,28.1sqmi,,,,,Ann Arbor,,,42.2761,-83.7309,"120,782","4,298/sqmi",,Michigan,,,,"https://wikipedia.org/wiki/Ann_Arbor,_Michigan"
228,49.3sqmi,,,,,Fargo,,,46.8652,-96.8290,"120,762","2,450/sqmi",,North Dakota,,,,"https://wikipedia.org/wiki/Fargo,_North_Dakota"
229,65.0sqmi,,,,,Columbia,,,38.9473,-92.3264,"120,612","1,856/sqmi",,Missouri,,,,"https://wikipedia.org/wiki/Columbia,_Missouri"
230,17.5sqmi,,,,,Allentown,,,40.5936,-75.4784,"120,443","6,882/sqmi",,Pennsylvania,,,,"https://wikipedia.org/wiki/Allentown,_Pennsylvania"
231,47.3sqmi,,,,,Evansville,,,37.9877,-87.5347,"119,477","2,526/sqmi",,Indiana,,,,"https://wikipedia.org/wiki/Evansville,_Indiana"
232,82.1sqmi,,,,,Beaumont,,,30.0849,-94.1453,"118,299","1,441/sqmi",,Texas,,,,"https://wikipedia.org/wiki/Beaumont,_Texas"
233,45.2sqmi,,,,,Odessa,,,31.8838,-102.3411,"117,871","2,608/sqmi",,Texas,,,,"https://wikipedia.org/wiki/Odessa,_Texas"
234,51.6sqmi,,,,,Wilmington,,,34.2092,-77.8858,"117,525","2,278/sqmi",,North Carolina,,,,"https://wikipedia.org/wiki/Wilmington,_North_Carolina"
235,38.6sqmi,,,,,Arvada,,,39.8337,-105.1503,"117,453","3,043/sqmi",,Colorado,,,,"https://wikipedia.org/wiki/Arvada,_Colorado"
236,77.8sqmi,,,,,Independence,,,39.0855,-94.3521,"117,030","1,504/sqmi",,Missouri,,,,"https://wikipedia.org/wiki/Independence,_Missouri"
237,41.7sqmi,,,,,Provo,,,40.2453,-111.6448,"116,868","2,803/sqmi",,Utah,,,,"https://wikipedia.org/wiki/Provo,_Utah"
238,39.1sqmi,,,,,Lansing,,,42.7143,-84.5593,"116,020","2,967/sqmi",,Michigan,,,,"https://wikipedia.org/wiki/Lansing,_Michigan"
239,9.6sqmi,,,,,El Monte,,,34.0746,-118.0291,"115,807","12,063/sqmi",,California,,,,"https://wikipedia.org/wiki/El_Monte,_California"
240,60.1sqmi,,,,,Springfield,,,39.7911,-89.6446,"115,715","1,925/sqmi",,Illinois,,,,"https://wikipedia.org/wiki/Springfield,_Illinois"
241,40.9sqmi,,,,,Fairfield,,,38.2593,-122.0321,"114,756","2,806/sqmi",,California,,,,"https://wikipedia.org/wiki/Fairfield,_California"
242,25.9sqmi,,,,,Clearwater,,,27.9789,-82.7666,"114,361","4,415/sqmi",,Florida,,,,"https://wikipedia.org/wiki/Clearwater,_Florida"
243,48.2sqmi,,,,,Peoria,,,40.7515,-89.6174,"114,265","2,371/sqmi",,Illinois,,,,"https://wikipedia.org/wiki/Peoria,_Illinois"
244,54.6sqmi,,,,,Rochester,,,44.0154,-92.4772,"114,011","2,088/sqmi",,Minnesota,,,,"https://wikipedia.org/wiki/Rochester,_Minnesota"
245,37.7sqmi,,,,,Carlsbad,,,33.1239,-117.2828,"113,952","3,023/sqmi",,California,,,,"https://wikipedia.org/wiki/Carlsbad,_California"
246,31.7sqmi,,,,,Westminster,,,39.8822,-105.0644,"113,875","3,592/sqmi",,Colorado,,,,"https://wikipedia.org/wiki/Westminster,_Colorado"
247,32.3sqmi,,,,,West Jordan,,,40.6024,-112.0008,"113,699","3,520/sqmi",,Utah,,,,"https://wikipedia.org/wiki/West_Jordan,_Utah"
248,46.3sqmi,,,,,Pearland,,,29.5558,-95.3231,"113,570","2,453/sqmi",,Texas,,,,"https://wikipedia.org/wiki/Pearland,_Texas"
249,28.6sqmi,,,,,Richardson,,,32.9723,-96.7081,"113,347","3,963/sqmi",,Texas,,,,"https://wikipedia.org/wiki/Richardson,_Texas"
250,12.4sqmi,,,,,Downey,,,33.9382,-118.1309,"113,267","9,134/sqmi",,California,,,,"https://wikipedia.org/wiki/Downey,_California"
251,18.2sqmi,,,,,Miami Gardens,,,25.9489,-80.2436,"113,058","6,212/sqmi",,Florida,,,,"https://wikipedia.org/wiki/Miami_Gardens,_Florida"
252,37.3sqmi,,,,,Temecula,,,33.4931,-117.1317,"113,054","3,031/sqmi",,California,,,,"https://wikipedia.org/wiki/Temecula,_California"
253,15.7sqmi,,,,,Costa Mesa,,,33.6659,-117.9123,"112,822","7,186/sqmi",,California,,,,"https://wikipedia.org/wiki/Costa_Mesa,_California"
254,51.0sqmi,,,,,College Station,,,30.5852,-96.2964,"112,141","2,199/sqmi",,Texas,,,,"https://wikipedia.org/wiki/College_Station,_Texas"
255,37.4sqmi,,,,,Elgin,,,42.0396,-88.3217,"112,123","2,998/sqmi",,Illinois,,,,"https://wikipedia.org/wiki/Elgin,_Illinois"
256,33.6sqmi,,,,,Murrieta,,,33.5721,-117.1904,"111,674","3,324/sqmi",,California,,,,"https://wikipedia.org/wiki/Murrieta,_California"
257,23.3sqmi,,,,,Gresham,,,45.5023,-122.4416,"111,523","4,786/sqmi",,Oregon,,,,"https://wikipedia.org/wiki/Gresham,_Oregon"
258,55.2sqmi,,,,,High Point,,,35.9900,-79.9905,"111,223","2,015/sqmi",,North Carolina,,,,"https://wikipedia.org/wiki/High_Point,_North_Carolina"
259,29.4sqmi,,,,,Antioch,,,37.9791,-121.7962,"110,898","3,772/sqmi",,California,,,,"https://wikipedia.org/wiki/Antioch,_California"
260,9.1sqmi,,,,,Inglewood,,,33.9561,-118.3443,"110,654","12,160/sqmi",,California,,,,"https://wikipedia.org/wiki/Inglewood,_California"
261,6.4sqmi,,,,,Cambridge,,,42.3760,-71.1187,"110,651","17,289/sqmi",,Massachusetts,,,,"https://wikipedia.org/wiki/Cambridge,_Massachusetts"
262,13.6sqmi,,,,,Lowell,,,42.6390,-71.3211,"110,558","8,129/sqmi",,Massachusetts,,,,"https://wikipedia.org/wiki/Lowell,_Massachusetts"
263,33.1sqmi,,,,,Manchester,,,42.9849,-71.4441,"110,506","3,339/sqmi",,New Hampshire,,,,"https://wikipedia.org/wiki/Manchester,_New_Hampshire"
264,43.7sqmi,,,,,Billings,,,45.7885,-108.5499,"110,323","2,525/sqmi",,Montana,,,,"https://wikipedia.org/wiki/Billings,_Montana"
265,53.6sqmi,,,,,Pueblo,,,38.2699,-104.6123,"110,291","2,058/sqmi",,Colorado,,,,"https://wikipedia.org/wiki/Pueblo,_Colorado"
266,65.7sqmi,,,,,Palm Bay,,,27.9856,-80.6626,"110,104","1,676/sqmi",,Florida,,,,"https://wikipedia.org/wiki/Palm_Bay,_Florida"
267,29.5sqmi,,,,,Centennial,,,39.5906,-104.8691,"109,932","3,727/sqmi",,Colorado,,,,"https://wikipedia.org/wiki/Centennial,_Colorado"
268,30.1sqmi,,,,,Richmond,,,37.9523,-122.3606,"109,813","3,648/sqmi",,California,,,,"https://wikipedia.org/wiki/Richmond,_California"
269,21.8sqmi,,,,,Ventura,,,34.2678,-119.2542,"109,592","5,027/sqmi",,California,,,,"https://wikipedia.org/wiki/Ventura,_California"
270,24.0sqmi,,,,,Pompano Beach,,,26.2416,-80.1339,"109,393","4,558/sqmi",,Florida,,,,"https://wikipedia.org/wiki/Pompano_Beach,_Florida"
271,73.7sqmi,,,,,North Charleston,,,32.9178,-80.0650,"109,298","1,483/sqmi",,South Carolina,,,,"https://wikipedia.org/wiki/North_Charleston,_South_Carolina"
272,33.3sqmi,,,,,Everett,,,47.9566,-122.1914,"109,043","3,275/sqmi",,Washington,,,,"https://wikipedia.org/wiki/Everett,_Washington"
273,28.5sqmi,,,,,Waterbury,,,41.5585,-73.0367,"108,272","3,799/sqmi",,Connecticut,,,,"https://wikipedia.org/wiki/Waterbury,_Connecticut"
274,55.1sqmi,,,,,West Palm Beach,,,26.7464,-80.1251,"108,161","1,963/sqmi",,Florida,,,,"https://wikipedia.org/wiki/West_Palm_Beach,_Florida"
275,24.8sqmi,,,,,Boulder,,,40.0270,-105.2519,"108,090","4,358/sqmi",,Colorado,,,,"https://wikipedia.org/wiki/Boulder,_Colorado"
276,16.0sqmi,,,,,West Covina,,,34.0559,-117.9099,"107,847","6,740/sqmi",,California,,,,"https://wikipedia.org/wiki/West_Covina,_California"
277,61.7sqmi,,,,,Broken Arrow,,,36.0365,-95.7810,"107,403","1,741/sqmi",,Oklahoma,,,,"https://wikipedia.org/wiki/Broken_Arrow,_Oklahoma"
278,24.2sqmi,,,,,Clovis,,,36.8282,-119.6849,"106,583","4,404/sqmi",,California,,,,"https://wikipedia.org/wiki/Clovis,_California"
279,7.6sqmi,,,,,Daly City,,,37.7009,-122.4650,"106,472","14,009/sqmi",,California,,,,"https://wikipedia.org/wiki/Daly_City,_California"
280,65.9sqmi,,,,,Lakeland,,,28.0555,-81.9549,"106,420","1,615/sqmi",,Florida,,,,"https://wikipedia.org/wiki/Lakeland,_Florida"
281,22.8sqmi,,,,,Santa Maria,,,34.9332,-120.4438,"106,290","4,662/sqmi",,California,,,,"https://wikipedia.org/wiki/Santa_Maria,_California"
282,9.7sqmi,,,,,Norwalk,,,33.9076,-118.0835,"106,178","10,946/sqmi",,California,,,,"https://wikipedia.org/wiki/Norwalk,_California"
283,37.7sqmi,,,,,Sandy Springs,,,33.9315,-84.3687,"105,703","2,804/sqmi",,Georgia,,,,"https://wikipedia.org/wiki/Sandy_Springs,_Georgia"
284,25.0sqmi,,,,,Hillsboro,,,45.5280,-122.9357,"105,164","4,207/sqmi",,Oregon,,,,"https://wikipedia.org/wiki/Hillsboro,_Oregon"
285,45.4sqmi,,,,,Green Bay,,,44.5207,-87.9842,"105,139","2,316/sqmi",,Wisconsin,,,,"https://wikipedia.org/wiki/Green_Bay,_Wisconsin"
286,56.6sqmi,,,,,Tyler,,,32.3173,-95.3059,"104,798","1,852/sqmi",,Texas,,,,"https://wikipedia.org/wiki/Tyler,_Texas"
287,72.2sqmi,,,,,Wichita Falls,,,33.9067,-98.5259,"104,724","1,450/sqmi",,Texas,,,,"https://wikipedia.org/wiki/Wichita_Falls,_Texas"
288,36.7sqmi,,,,,Lewisville,,,33.0466,-96.9818,"104,659","2,852/sqmi",,Texas,,,,"https://wikipedia.org/wiki/Lewisville,_Texas"
289,17.4sqmi,,,,,Burbank,,,34.1901,-118.3264,"104,447","6,003/sqmi",,California,,,,"https://wikipedia.org/wiki/Burbank,_California"
290,47.8sqmi,,,,,Greeley,,,40.4153,-104.7697,"103,990","2,176/sqmi",,Colorado,,,,"https://wikipedia.org/wiki/Greeley,_Colorado"
291,12.1sqmi,,,,,San Mateo,,,37.5603,-122.3106,"103,959","8,592/sqmi",,California,,,,"https://wikipedia.org/wiki/San_Mateo,_California"
292,14.5sqmi,,,,,El Cajon,,,32.8017,-116.9604,"103,768","7,156/sqmi",,California,,,,"https://wikipedia.org/wiki/El_Cajon,_California"
293,42.9sqmi,,,,,Jurupa Valley,,,34.0026,-117.4676,"103,541","2,414/sqmi",,California,,,,"https://wikipedia.org/wiki/Jurupa_Valley,_California"
294,22.3sqmi,,,,,Rialto,,,34.1118,-117.3883,"103,314","4,633/sqmi",,California,,,,"https://wikipedia.org/wiki/Rialto,_California"
295,62.9sqmi,,,,,Davenport,,,41.5541,-90.6040,"102,612","1,631/sqmi",,Iowa,,,,"https://wikipedia.org/wiki/Davenport,_Iowa"
296,51.2sqmi,,,,,League City,,,29.4901,-95.1091,"102,010","1,992/sqmi",,Texas,,,,"https://wikipedia.org/wiki/League_City,_Texas"
297,30.1sqmi,,,,,Edison,,,40.5040,-74.3494,"101,996","3,389/sqmi",,New Jersey,,,,"https://wikipedia.org/wiki/Edison,_New_Jersey"
298,34.9sqmi,,,,,Davie,,,26.0791,-80.2850,"101,871","2,919/sqmi",,Florida,,,,"https://wikipedia.org/wiki/Davie,_Florida"
299,76.9sqmi,,,,,Las Cruces,,,32.3264,-106.7897,"101,759","1,323/sqmi",,New Mexico,,,,"https://wikipedia.org/wiki/Las_Cruces,_New_Mexico"
300,41.4sqmi,,,,,South Bend,,,41.6769,-86.2690,"101,735","2,457/sqmi",,Indiana,,,,"https://wikipedia.org/wiki/South_Bend,_Indiana"
301,18.7sqmi,,,,,Vista,,,33.1895,-117.2386,"101,659","5,436/sqmi",,California,,,,"https://wikipedia.org/wiki/Vista,_California"
302,23.3sqmi,,,,,Woodbridge,,,40.5607,-74.2927,"101,389","4,351/sqmi",,New Jersey,,,,"https://wikipedia.org/wiki/Woodbridge_Township,_New_Jersey"
303,23.4sqmi,,,,,Renton,,,47.4761,-122.1920,"100,953","4,314/sqmi",,Washington,,,,"https://wikipedia.org/wiki/Renton,_Washington"
304,24.7sqmi,,,,,Lakewood,,,40.0771,-74.2004,"100,758","4,079/sqmi",,New Jersey,,,,"https://wikipedia.org/wiki/Lakewood_Township,_New_Jersey"
305,59.9sqmi,,,,,San Angelo,,,31.4411,-100.4505,"100,702","1,681/sqmi",,Texas,,,,"https://wikipedia.org/wiki/San_Angelo,_Texas"
306,28.1sqmi,,,,,Clinton,,,42.5903,-82.9170,"100,392","3,573/sqmi",,Michigan,,,,"https://wikipedia.org/wiki/Clinton_Township,_Macomb_County,_Michigan"
