area,bike_score,city,housing_cost,lat,lon,max_temp,min_temp,pop,pop_density,precipitation,rpp,state,transit_score,walk_score,wiki_url
301.5sqmi,65.1,New York,541500.0,40.6635,-73.9387,61.6,47.3,"8,537,673","28,317/sqmi",42.77,121.9,New York,84.1,89.2,https://wikipedia.org/wiki/New_York_City
468.7sqmi,56,Los Angeles,643700.0,34.0194,-118.4108,69.5,54.8,"3,976,322","8,484/sqmi",14.71,117.6,California,51.3,67.4,https://wikipedia.org/wiki/Los_Angeles
227.3sqmi,70.2,Chicago,291000.0,41.8376,-87.6818,59.1,40.8,"2,704,958","11,900/sqmi",36.89,99.7,Illinois,64.7,77.8,https://wikipedia.org/wiki/Chicago
637.5sqmi,49.3,Houston,145000.0,29.7866,-95.3909,79.1,57.2,"2,303,482","3,613/sqmi",50.48,93.1,Texas,36.8,48.7,https://wikipedia.org/wiki/Houston
517.6sqmi,54.3,Phoenix,217100.0,33.5722,-112.0901,87.2,63.0,"1,615,017","3,120/sqmi",8.18,97.2,Arizona,32.2,40.8,"https://wikipedia.org/wiki/Phoenix,_Arizona"
134.2sqmi,67.5,Philadelphia,132200.0,40.0094,-75.1333,63.7,45.3,"1,567,872","11,683/sqmi",46.95,100.5,Pennsylvania,66.8,79.0,https://wikipedia.org/wiki/Philadelphia
461.0sqmi,42,San Antonio,190300.0,29.4724,-98.5251,80.8,58.9,"1,492,510","3,238/sqmi",30.51,94.4,Texas,36.3,37.6,https://wikipedia.org/wiki/San_Antonio
325.2sqmi,45.5,San Diego,527100.0,32.8153,-117.1350,69.7,55.4,"1,406,630","4,325/sqmi",10.51,116.6,California,36.7,50.9,https://wikipedia.org/wiki/San_Diego
340.9sqmi,43.7,Dallas,267000.0,32.7933,-96.7665,77.0,57.4,"1,317,929","3,866/sqmi",37.57,84.2,Texas,39.5,46.2,https://wikipedia.org/wiki/Dallas
177.5sqmi,56.9,San Jose,792700.0,37.2967,-121.8189,67.0,50.7,"1,025,350","5,777/sqmi",18.04,118.5,California,41,50.5,"https://wikipedia.org/wiki/San_Jose,_California"
312.7sqmi,51.7,Austin,317200.0,30.3039,-97.7544,79.8,59.0,"947,890","3,031/sqmi",34.32,99.5,Texas,33.5,40.3,"https://wikipedia.org/wiki/Austin,_Texas"
747.4sqmi,39.5,Jacksonville,139300.0,30.3369,-81.6616,74.9,54.8,"880,619","1,178/sqmi",49.54,93.2,Florida,--,26.8,"https://wikipedia.org/wiki/Jacksonville,_Florida"
46.9sqmi,75.1,San Francisco,1132000.0,37.7272,-123.0322,67.0,50.7,"870,887","18,569/sqmi",18.04,100.1,California,80.4,86.0,https://wikipedia.org/wiki/San_Francisco
218.5sqmi,46.5,Columbus,168800.0,39.9852,-82.9848,62.6,44.3,"860,090","3,936/sqmi",39.31,93.1,Ohio,31,40.7,"https://wikipedia.org/wiki/Columbus,_Ohio"
361.5sqmi,41.1,Indianapolis,378600.0,39.7767,-86.1459,62.5,43.9,"855,164","2,366/sqmi",42.44,93.1,Indiana,23.7,29.8,https://wikipedia.org/wiki/Indianapolis
342.9sqmi,40.2,Fort Worth,624500.0,32.7815,-97.3467,76.6,56.6,"854,113","2,491/sqmi",37.35,100.0,Texas,20.1,34.4,"https://wikipedia.org/wiki/Fort_Worth,_Texas"
305.4sqmi,36.1,Charlotte,268200.0,35.2078,-80.8310,71.2,50.1,"842,051","2,757/sqmi",43.79,98.1,North Carolina,--,25.9,"https://wikipedia.org/wiki/Charlotte,_North_Carolina"
83.8sqmi,63,Seattle,575500.0,47.6205,-122.3509,60.3,45.4,"704,352","8,405/sqmi",36.15,87.7,Washington,57,73.1,https://wikipedia.org/wiki/Seattle
153.3sqmi,71.3,Denver,373400.0,39.7619,-104.8811,62.9,36.2,"693,060","4,521/sqmi",17.35,81.2,Colorado,46.9,60.5,https://wikipedia.org/wiki/Denver
256.8sqmi,--,El Paso,155800.0,31.8484,-106.4270,77.5,51.7,"683,080","2,660/sqmi",9.71,89.3,Texas,--,41.5,"https://wikipedia.org/wiki/El_Paso,_Texas"
61.1sqmi,69.5,Washington,538400.0,38.9041,-77.0172,68.4,45.1,"681,170","11,148/sqmi",43.47,86.3,District of Columbia,70.6,77.3,"https://wikipedia.org/wiki/Washington,_D.C."
48.3sqmi,70.3,Boston,558600.0,42.3320,-71.0202,58.6,39.7,"673,184","13,938/sqmi",43.16,98.7,Massachusetts,74.4,80.9,https://wikipedia.org/wiki/Boston
138.8sqmi,55,Detroit,216700.0,42.3830,-83.1022,59.0,41.8,"672,795","4,847/sqmi",33.47,94.2,Michigan,37.9,55.4,https://wikipedia.org/wiki/Detroit
475.9sqmi,32.8,Nashville,232700.0,36.1718,-86.7850,69.8,49.0,"660,388","1,388/sqmi",47.25,93.0,Tennessee,23.1,28.3,"https://wikipedia.org/wiki/Nashville,_Tennessee"
317.4sqmi,42.3,Memphis,94200.0,35.1028,-89.9774,72.5,51.8,"652,717","2,056/sqmi",53.52,91.5,Tennessee,--,36.8,"https://wikipedia.org/wiki/Memphis,_Tennessee"
133.5sqmi,72,Portland,376300.0,45.5370,-122.6500,63.4,44.9,"639,863","4,793/sqmi",39.14,91.7,Oregon,50.8,64.7,"https://wikipedia.org/wiki/Portland,_Oregon"
606.3sqmi,39.8,Oklahoma City,173900.0,35.4671,-97.5137,71.8,50.0,"638,367","1,053/sqmi",35.74,92.1,Oklahoma,16,33.1,https://wikipedia.org/wiki/Oklahoma_City
134.4sqmi,52,Las Vegas,210000.0,36.2292,-115.2601,79.6,57.2,"632,912","4,709/sqmi",5.37,95.3,Nevada,33.4,41.1,https://wikipedia.org/wiki/Las_Vegas
263.5sqmi,42.6,Louisville,238300.0,38.1654,-85.6474,67.8,48.6,"616,261","2,339/sqmi",44.91,88.7,Kentucky,28.5,33.3,"https://wikipedia.org/wiki/Louisville,_Kentucky"
80.9sqmi,56.1,Baltimore,109000.0,39.3000,-76.6105,66.5,50.6,"614,664","7,598/sqmi",40.89,94.2,Maryland,57.8,69.4,https://wikipedia.org/wiki/Baltimore
96.2sqmi,--,Milwaukee,121000.0,43.0633,-87.9667,55.5,39.9,"595,047","6,186/sqmi",33.85,95.7,Wisconsin,49.1,62.1,https://wikipedia.org/wiki/Milwaukee
188.2sqmi,59.6,Albuquerque,197800.0,35.1056,-106.6474,68.8,45.5,"559,277","2,972/sqmi",9.45,97.4,New Mexico,30.2,42.7,"https://wikipedia.org/wiki/Albuquerque,_New_Mexico"
230.8sqmi,67.9,Tucson,172000.0,32.1531,-110.8706,82.9,55.5,"530,706","2,299/sqmi",14.9,97.0,Arizona,34.2,42.4,"https://wikipedia.org/wiki/Tucson,_Arizona"
114.4sqmi,55.9,Fresno,221400.0,36.7836,-119.7934,76.8,52.0,"522,053","4,563/sqmi",11.5,97.2,California,30.3,46.3,"https://wikipedia.org/wiki/Fresno,_California"
97.9sqmi,68.9,Sacramento,274700.0,38.5666,-121.4686,73.9,47.7,"495,234","5,059/sqmi",21.17,102.6,California,33.8,47.1,"https://wikipedia.org/wiki/Sacramento,_California"
137.9sqmi,58.5,Mesa,216600.0,33.4019,-111.7174,86.7,63.5,"484,587","3,514/sqmi",8.03,98.7,Arizona,25.3,37.3,"https://wikipedia.org/wiki/Mesa,_Arizona"
315.0sqmi,40.3,Kansas City,303800.0,39.1251,-94.5510,64.8,44.7,"481,420","1,528/sqmi",42.18,93.7,Missouri,28.7,34.2,"https://wikipedia.org/wiki/Kansas_City,_Missouri"
133.5sqmi,49.9,Atlanta,192000.0,33.7629,-84.4227,71.9,51.6,"472,522","3,539/sqmi",52.97,93.6,Georgia,44.3,49.2,https://wikipedia.org/wiki/Atlanta
50.3sqmi,66.4,Long Beach,494300.0,33.8092,-118.1553,74.1,55.4,"470,130","9,347/sqmi",12.26,117.6,California,--,69.9,"https://wikipedia.org/wiki/Long_Beach,_California"
195.6sqmi,46.4,Colorado Springs,242500.0,38.8673,-104.7607,62.2,35.8,"465,101","2,378/sqmi",16.54,100.2,Colorado,17.8,35.5,"https://wikipedia.org/wiki/Colorado_Springs,_Colorado"
145.1sqmi,40.6,Raleigh,228500.0,35.8306,-78.6418,71.7,50.0,"458,880","3,163/sqmi",43.34,95.8,North Carolina,22.6,30.1,"https://wikipedia.org/wiki/Raleigh,_North_Carolina"
36.0sqmi,59.7,Miami,272800.0,25.7752,-80.2086,81.4,71.1,"453,579","12,599/sqmi",51.73,99.1,Florida,59.4,79.2,https://wikipedia.org/wiki/Miami
244.7sqmi,45.9,Virginia Beach,242300.0,36.7800,-76.0252,69.1,50.7,"452,602","1,850/sqmi",44.31,98.0,Virginia,19.7,32.9,"https://wikipedia.org/wiki/Virginia_Beach,_Virginia"
133.2sqmi,40.8,Omaha,166900.0,41.2644,-96.0451,60.1,39.1,"446,970","3,356/sqmi",31.21,97.5,Nebraska,--,45.1,"https://wikipedia.org/wiki/Omaha,_Nebraska"
55.9sqmi,60.9,Oakland,640600.0,37.7698,-122.2257,67.0,50.7,"420,005","7,514/sqmi",18.04,90.2,California,55.1,72.0,"https://wikipedia.org/wiki/Oakland,_California"
54.0sqmi,81.3,Minneapolis,378600.0,44.9633,-93.2683,55.2,37.0,"413,651","7,660/sqmi",30.85,92.8,Minnesota,57.5,69.2,https://wikipedia.org/wiki/Minneapolis
196.8sqmi,43.6,Tulsa,417000.0,36.1279,-95.9023,71.8,48.5,"403,090","2,048/sqmi",43.73,91.0,Oklahoma,22.7,39.5,"https://wikipedia.org/wiki/Tulsa,_Oklahoma"
95.8sqmi,42.9,Arlington,579600.0,32.7007,-97.1247,66.8,49.6,"392,772","4,100/sqmi",39.74,90.0,Texas,--,37.4,"https://wikipedia.org/wiki/Arlington,_Texas"
169.4sqmi,60.1,New Orleans,207900.0,30.0534,-89.9345,77.2,63.7,"391,495","2,311/sqmi",56.77,95.6,Louisiana,--,57.6,https://wikipedia.org/wiki/New_Orleans
160.4sqmi,43.5,Wichita,146200.0,37.6907,-97.3459,67.7,45.6,"389,902","2,431/sqmi",34.34,90.7,Kansas,--,35.0,"https://wikipedia.org/wiki/Wichita,_Kansas"
77.7sqmi,50.8,Cleveland,129200.0,41.4785,-81.6794,59.6,43.3,"385,809","4,965/sqmi",39.14,84.4,Ohio,47.1,59.5,https://wikipedia.org/wiki/Cleveland
113.4sqmi,53.2,Tampa,189700.0,27.9701,-82.4797,81.9,65.6,"377,165","3,326/sqmi",54.7,87.8,Florida,30.3,50.0,"https://wikipedia.org/wiki/Tampa,_Florida"
148.8sqmi,48.1,Bakersfield,229900.0,35.3212,-119.0183,76.9,53.6,"376,380","2,529/sqmi",6.47,97.9,California,29.6,37.4,"https://wikipedia.org/wiki/Bakersfield,_California"
153.5sqmi,60.8,Aurora,280900.0,39.6880,-104.6897,60.1,39.8,"361,710","2,356/sqmi",36.91,89.7,Colorado,35,42.6,"https://wikipedia.org/wiki/Aurora,_Colorado"
60.5sqmi,45.2,Honolulu,217000.0,21.3243,-157.8476,85.1,68.2,"351,792","5,815/sqmi",18.1,124.5,Hawaii,55.6,63.7,https://wikipedia.org/wiki/Honolulu
50.0sqmi,51.9,Anaheim,519100.0,33.8555,-117.7601,72.0,55.9,"351,043","7,021/sqmi",13.33,89.5,California,35.4,54.5,"https://wikipedia.org/wiki/Anaheim,_California"
27.1sqmi,57.1,Santa Ana,451200.0,33.7363,-117.8830,72.0,55.9,"334,217","12,333/sqmi",13.33,90.9,California,46,66.1,"https://wikipedia.org/wiki/Santa_Ana,_California"
174.6sqmi,--,Corpus Christi,216300.0,27.7543,-97.1734,79.5,65.9,"325,733","1,866/sqmi",34.27,93.4,Texas,29.1,40.6,"https://wikipedia.org/wiki/Corpus_Christi,_Texas"
81.2sqmi,49.9,Riverside,356400.0,33.9381,-117.3932,78.6,48.7,"324,722","3,999/sqmi",13.29,106.7,California,31.2,41.3,"https://wikipedia.org/wiki/Riverside,_California"
283.6sqmi,43.7,Lexington,902200.0,38.0407,-84.4583,63.3,37.7,"318,449","1,123/sqmi",25.05,91.9,Kentucky,25.3,34.2,"https://wikipedia.org/wiki/Lexington,_Kentucky"
62.0sqmi,56.9,St. Louis,144400.0,38.6357,-90.2446,66.2,47.9,"311,404","5,023/sqmi",40.96,90.6,Missouri,45.2,64.5,https://wikipedia.org/wiki/St._Louis
61.7sqmi,53.9,Stockton,244400.0,37.9763,-121.3133,74.4,48.3,"307,072","4,977/sqmi",14.06,100.4,California,28.2,41.8,"https://wikipedia.org/wiki/Stockton,_California"
55.4sqmi,39.9,Pittsburgh,146700.0,40.4398,-79.9766,60.7,42.0,"303,625","5,481/sqmi",38.19,94.7,Pennsylvania,54.4,61.9,https://wikipedia.org/wiki/Pittsburgh
52.0sqmi,62.1,Saint Paul,185700.0,44.9489,-93.1041,55.7,35.8,"302,398","5,815/sqmi",29.96,93.9,Minnesota,47.4,58.9,"https://wikipedia.org/wiki/St._Paul,_Minnesota"
77.4sqmi,37,Cincinnati,150900.0,39.1402,-84.5058,63.9,44.9,"298,800","3,860/sqmi",42.52,89.2,Ohio,43.2,50.4,https://wikipedia.org/wiki/Cincinnati
"1,706.6sqmi",--,Anchorage,398800.0,61.1743,-149.2843,46.1,32.4,"298,192",175/sqmi,16.98,109.4,Alaska,22.3,32.0,"https://wikipedia.org/wiki/Anchorage,_Alaska"
104.7sqmi,51.6,Henderson,251500.0,36.0097,-115.0357,76.0,53.4,"292,969","2,798/sqmi",49.36,84.4,Nevada,22.1,29.6,"https://wikipedia.org/wiki/Henderson,_Nevada"
128.3sqmi,39.6,Greensboro,148500.0,36.0951,-79.8270,69.2,49.1,"287,027","2,237/sqmi",42.2,90.0,North Carolina,--,29.1,"https://wikipedia.org/wiki/Greensboro,_North_Carolina"
71.7sqmi,57,Plano,300000.0,33.0508,-96.7479,75.6,52.8,"286,057","3,990/sqmi",40.04,92.4,Texas,17.4,38.9,"https://wikipedia.org/wiki/Plano,_Texas"
24.1sqmi,51.1,Newark,739600.0,40.7242,-74.1726,61.7,40.4,"281,764","11,691/sqmi",39.95,112.1,New Jersey,64.9,80.4,"https://wikipedia.org/wiki/Newark,_New_Jersey"
92.1sqmi,62.3,Lincoln,396200.0,40.8105,-96.6803,62.2,39.8,"280,364","3,044/sqmi",29.25,92.8,Nebraska,--,42.7,"https://wikipedia.org/wiki/Lincoln,_Nebraska"
80.7sqmi,44.7,Toledo,63100.0,41.6641,-83.5819,60.0,40.7,"278,508","3,451/sqmi",34.24,89.2,Ohio,--,45.9,"https://wikipedia.org/wiki/Toledo,_Ohio"
105.2sqmi,53,Orlando,223600.0,28.4166,-81.2736,82.4,64.2,"277,173","2,635/sqmi",53.17,85.8,Florida,32.5,42.1,"https://wikipedia.org/wiki/Orlando,_Florida"
49.6sqmi,45.8,Chula Vista,454800.0,32.6277,-117.0152,75.5,44.7,"267,172","5,387/sqmi",17.87,87.7,California,35.5,42.3,"https://wikipedia.org/wiki/Chula_Vista,_California"
65.6sqmi,69.7,Irvine,773700.0,33.6784,-117.7713,76.6,56.6,"266,122","4,057/sqmi",37.35,81.9,California,27.4,43.5,"https://wikipedia.org/wiki/Irvine,_California"
110.6sqmi,42.6,Fort Wayne,210800.0,41.0882,-85.1439,60.3,40.6,"264,488","2,391/sqmi",38.34,90.1,Indiana,21.7,29.5,"https://wikipedia.org/wiki/Fort_Wayne,_Indiana"
14.8sqmi,66.3,Jersey City,254900.0,40.7114,-74.0648,63.3,45.5,"264,152","17,848/sqmi",47.62,82.4,New Jersey,70,87.3,"https://wikipedia.org/wiki/Jersey_City,_New_Jersey"
109.8sqmi,39.2,Durham,280200.0,35.9811,-78.9029,71.7,50.3,"263,016","2,395/sqmi",44.46,95.3,North Carolina,27.3,29.1,"https://wikipedia.org/wiki/Durham,_North_Carolina"
61.8sqmi,56.1,St. Petersburg,191400.0,27.7620,-82.6441,81.6,66.8,"260,999","4,223/sqmi",50.81,100.7,Florida,34.7,43.4,"https://wikipedia.org/wiki/St._Petersburg,_Florida"
101.1sqmi,--,Laredo,147400.0,27.5604,-99.4892,85.1,63.3,"257,156","2,544/sqmi",20.2,88.8,Texas,--,41.3,"https://wikipedia.org/wiki/Laredo,_Texas"
40.4sqmi,54.5,Buffalo,277600.0,42.8925,-78.8597,56.4,40.3,"256,902","6,359/sqmi",40.48,83.5,New York,50.4,67.8,"https://wikipedia.org/wiki/Buffalo,_New_York"
77.0sqmi,72.6,Madison,234700.0,43.0878,-89.4299,56.0,36.9,"252,551","3,280/sqmi",34.48,97.8,Wisconsin,38.3,48.7,"https://wikipedia.org/wiki/Madison,_Wisconsin"
124.6sqmi,46.7,Lubbock,186900.0,33.5656,-101.8867,74.3,47.0,"252,506","2,027/sqmi",19.12,93.4,Texas,21.1,38.0,"https://wikipedia.org/wiki/Lubbock,_Texas"
64.9sqmi,--,Chandler,269200.0,33.2829,-111.8549,66.8,46.1,"247,477","3,813/sqmi",44.57,99.7,Arizona,18.1,34.6,"https://wikipedia.org/wiki/Chandler,_Arizona"
183.9sqmi,--,Scottsdale,392700.0,33.6843,-111.8611,63.6,34.1,"246,645","1,341/sqmi",15.79,91.5,Arizona,23.5,32.4,"https://wikipedia.org/wiki/Scottsdale,_Arizona"
59.1sqmi,51.4,Glendale,198500.0,33.5331,-112.1899,72.8,49.9,"245,895","4,161/sqmi",55.37,99.7,Arizona,29.2,39.9,"https://wikipedia.org/wiki/Glendale,_Arizona"
107.3sqmi,48.1,Reno,392200.0,39.5491,-119.8499,67.6,40.0,"245,255","2,286/sqmi",7.4,99.1,Nevada,27.7,37.6,"https://wikipedia.org/wiki/Reno,_Nevada"
53.3sqmi,--,Norfolk,174400.0,36.9230,-76.2446,69.1,50.7,"245,115","4,599/sqmi",44.31,87.8,Virginia,35.8,45.4,"https://wikipedia.org/wiki/Norfolk,_Virginia"
132.5sqmi,34.3,Winston–Salem,132000.0,36.1027,-80.2610,69.7,49.5,"242,203","1,828/sqmi",46.9,89.4,North Carolina,--,23.0,"https://wikipedia.org/wiki/Winston%E2%80%93Salem,_North_Carolina"
98.0sqmi,42.4,North Las Vegas,195900.0,36.2857,-115.0939,79.6,57.2,"238,702","2,436/sqmi",5.37,100.3,Nevada,30.1,33.2,"https://wikipedia.org/wiki/North_Las_Vegas,_Nevada"
67.0sqmi,--,Irving,212200.0,32.8577,-96.9700,76.6,56.6,"238,289","3,557/sqmi",37.35,91.3,Texas,31.2,43.3,"https://wikipedia.org/wiki/Irving,_Texas"
338.5sqmi,--,Chesapeake,230200.0,36.6794,-76.3018,69.1,50.7,"237,940",703/sqmi,44.31,87.5,Virginia,13,22.1,"https://wikipedia.org/wiki/Chesapeake,_Virginia"
68.0sqmi,57.5,Gilbert,284400.0,33.3103,-111.7431,58.9,32.5,"237,133","3,487/sqmi",13.89,87.8,Arizona,14.5,29.0,"https://wikipedia.org/wiki/Gilbert,_Arizona"
21.5sqmi,--,Hialeah,194400.0,25.8699,-80.3029,58.2,32.7,"236,387","10,995/sqmi",11.22,89.7,Florida,38,69.4,"https://wikipedia.org/wiki/Hialeah,_Florida"
57.0sqmi,39.1,Garland,251500.0,32.9098,-96.6303,82.4,64.2,"234,943","4,122/sqmi",53.17,84.5,Texas,28.8,39.4,"https://wikipedia.org/wiki/Garland,_Texas"
77.5sqmi,61.1,Fremont,900200.0,37.4945,-121.9412,60.8,40.7,"233,136","3,008/sqmi",31.57,90.2,California,36.4,44.2,"https://wikipedia.org/wiki/Fremont,_California"
85.9sqmi,47,Baton Rouge,151600.0,30.4422,-91.1309,79.0,57.9,"227,715","2,651/sqmi",60.65,92.9,Louisiana,--,40.6,"https://wikipedia.org/wiki/Baton_Rouge,_Louisiana"
59.8sqmi,--,Richmond,200300.0,37.5314,-77.4760,70.0,47.4,"223,170","3,732/sqmi",44.73,96.1,Virginia,--,51.4,"https://wikipedia.org/wiki/Richmond,_Virginia"
82.1sqmi,62.9,Boise,219200.0,43.6002,-116.2317,63.6,41.3,"223,154","2,718/sqmi",11.73,95.9,Idaho,--,40.2,"https://wikipedia.org/wiki/Boise,_Idaho"
61.5sqmi,39.3,San Bernardino,242100.0,34.1416,-117.2936,78.8,52.9,"216,239","3,516/sqmi",12.4,106.7,California,37.6,42.0,"https://wikipedia.org/wiki/San_Bernardino,_California"
68.7sqmi,48.6,Spokane,167100.0,47.6669,-117.4333,59.5,38.2,"215,973","3,144/sqmi",17.78,95.5,Washington,35.4,48.0,"https://wikipedia.org/wiki/Spokane,_Washington"
88.9sqmi,44.9,Des Moines,288200.0,41.5726,-93.6102,60.4,41.5,"215,472","2,424/sqmi",36.02,95.0,Iowa,--,45.0,"https://wikipedia.org/wiki/Des_Moines,_Iowa"
43.0sqmi,70.3,Modesto,150500.0,37.6375,-121.0030,76.1,51.3,"212,175","4,934/sqmi",13.11,98.7,California,74.4,80.9,"https://wikipedia.org/wiki/Modesto,_California"
146.1sqmi,28.6,Birmingham,419300.0,33.5274,-86.7990,73.9,52.7,"212,157","1,452/sqmi",53.72,89.2,Alabama,25.3,35.4,"https://wikipedia.org/wiki/Birmingham,_Alabama"
49.7sqmi,53.2,Tacoma,243500.0,47.2522,-122.4598,59.4,44.8,"211,277","4,251/sqmi",43.02,109.4,Washington,30.3,50.0,"https://wikipedia.org/wiki/Tacoma,_Washington"
43.0sqmi,57.1,Fontana,350100.0,34.1090,-117.4629,72.0,55.9,"209,665","4,876/sqmi",13.33,85.8,California,46,66.1,"https://wikipedia.org/wiki/Fontana,_California"
35.8sqmi,58.9,Rochester,201200.0,43.1699,-77.6169,57.2,39.3,"208,880","5,835/sqmi",34.27,97.6,New York,42.8,64.6,"https://wikipedia.org/wiki/Rochester,_New_York"
26.9sqmi,--,Oxnard,456900.0,34.2023,-119.2046,68.5,50.3,"207,906","7,729/sqmi",12.79,95.6,California,--,41.3,"https://wikipedia.org/wiki/Oxnard,_California"
51.3sqmi,--,Moreno Valley,285600.0,33.9233,-117.2057,76.7,53.4,"205,499","4,006/sqmi",22.97,91.3,California,--,26.9,"https://wikipedia.org/wiki/Moreno_Valley,_California"
147.7sqmi,--,Fayetteville,208300.0,35.0828,-78.9735,74.0,52.0,"204,759","1,386/sqmi",44.46,90.7,North Carolina,--,20.9,"https://wikipedia.org/wiki/Fayetteville,_North_Carolina"
44.9sqmi,60.8,Aurora,280900.0,41.7635,-88.2901,60.1,39.8,"201,110","4,479/sqmi",36.91,89.7,Illinois,35,42.6,"https://wikipedia.org/wiki/Aurora,_Illinois"
30.4sqmi,51.4,Glendale,198500.0,34.1814,-118.2458,72.8,49.9,"200,831","6,606/sqmi",55.37,99.7,California,29.2,39.9,"https://wikipedia.org/wiki/Glendale,_California"
18.0sqmi,51.6,Yonkers,433200.0,40.9459,-73.8674,61.6,47.3,"200,807","11,156/sqmi",42.77,91.3,New York,22.1,29.6,"https://wikipedia.org/wiki/Yonkers,_New_York"
26.9sqmi,66.4,Huntington Beach,717100.0,33.6906,-118.0093,66.1,45.4,"200,652","7,459/sqmi",42.59,89.9,California,--,69.9,"https://wikipedia.org/wiki/Huntington_Beach,_California"
159.8sqmi,--,Montgomery,253600.0,32.3472,-86.2661,76.5,53.7,"200,022","1,252/sqmi",53.07,89.3,Alabama,--,26.9,"https://wikipedia.org/wiki/Montgomery,_Alabama"
101.4sqmi,36.1,Amarillo,559800.0,35.1999,-101.8302,71.0,43.8,"199,582","1,968/sqmi",20.36,93.0,Texas,--,25.9,"https://wikipedia.org/wiki/Amarillo,_Texas"
118.7sqmi,63,Little Rock,172300.0,34.7254,-92.3586,72.9,52.5,"198,541","1,673/sqmi",49.75,90.9,Arkansas,57,73.1,"https://wikipedia.org/wiki/Little_Rock,_Arkansas"
62.0sqmi,42.9,Akron,223600.0,41.0805,-81.5214,58.9,40.9,"197,633","3,188/sqmi",39.62,89.7,Ohio,--,37.4,"https://wikipedia.org/wiki/Akron,_Ohio"
216.4sqmi,46.5,Columbus,168800.0,32.5102,-84.8749,62.6,44.3,"197,485",913/sqmi,39.31,93.1,Georgia,31,40.7,"https://wikipedia.org/wiki/Columbus,_Georgia"
302.5sqmi,51.7,Augusta,148700.0,33.3655,-82.0734,54.7,36.8,"197,081",652/sqmi,41.88,88.7,Georgia,33.5,40.3,"https://wikipedia.org/wiki/Augusta,_Georgia"
44.4sqmi,39.1,Grand Rapids,136900.0,42.9612,-85.6556,58.0,40.3,"196,445","4,424/sqmi",38.27,93.7,Michigan,28.8,39.4,"https://wikipedia.org/wiki/Grand_Rapids,_Michigan"
107.1sqmi,39.6,Shreveport,292000.0,32.4669,-93.7922,75.9,55.1,"194,920","1,820/sqmi",50.95,90.4,Louisiana,--,29.1,"https://wikipedia.org/wiki/Shreveport,_Louisiana"
111.2sqmi,40.3,Salt Lake City,289000.0,40.7769,-111.9310,63.9,41.7,"193,744","1,742/sqmi",16.1,100.0,Utah,28.7,34.2,https://wikipedia.org/wiki/Salt_Lake_City
213.4sqmi,39.5,Huntsville,243900.0,34.6990,-86.6730,78.7,58.0,"193,079",905/sqmi,46.14,89.9,Alabama,--,26.8,"https://wikipedia.org/wiki/Huntsville,_Alabama"
139.4sqmi,--,Mobile,517300.0,30.6684,-88.1002,77.5,57.0,"192,904","1,384/sqmi",66.15,88.0,Alabama,49.1,62.1,"https://wikipedia.org/wiki/Mobile,_Alabama"
100.4sqmi,43.7,Tallahassee,150400.0,30.4551,-84.2534,79.6,55.8,"190,894","1,901/sqmi",59.23,93.3,Florida,39.5,46.2,"https://wikipedia.org/wiki/Tallahassee,_Florida"
72.3sqmi,39.1,Grand Prairie,205000.0,32.6869,-97.0211,58.0,40.3,"190,682","2,637/sqmi",38.27,80.2,Texas,28.8,39.4,"https://wikipedia.org/wiki/Grand_Prairie,_Texas"
75.1sqmi,53,Overland Park,225900.0,38.8890,-94.6906,82.4,64.2,"188,966","2,516/sqmi",53.17,88.7,Kansas,32.5,42.1,"https://wikipedia.org/wiki/Overland_Park,_Kansas"
98.5sqmi,39.5,Knoxville,218500.0,35.9707,-83.9493,69.6,48.8,"186,239","1,891/sqmi",47.86,89.3,Tennessee,--,26.8,"https://wikipedia.org/wiki/Knoxville,_Tennessee"
118.9sqmi,56.9,Port St. Lucie,96000.0,27.2806,-80.3883,82.4,63.7,"185,132","1,557/sqmi",53.84,95.8,Florida,45.2,64.5,"https://wikipedia.org/wiki/Port_St._Lucie,_Florida"
37.4sqmi,58.9,Worcester,201200.0,42.2695,-71.8078,56.1,39.6,"184,508","4,933/sqmi",48.07,103.5,Massachusetts,42.8,64.6,"https://wikipedia.org/wiki/Worcester,_Massachusetts"
132.5sqmi,39.5,Brownsville,284400.0,25.9991,-97.4550,83.6,65.4,"183,823","1,387/sqmi",27.44,84.0,Texas,--,26.8,"https://wikipedia.org/wiki/Brownsville,_Texas"
40.0sqmi,53.2,Tempe,255500.0,33.3884,-111.9318,61.6,47.3,"182,498","4,562/sqmi",42.77,92.1,Arizona,30.3,50.0,"https://wikipedia.org/wiki/Tempe,_Arizona"
52.8sqmi,57.1,Santa Clarita,483300.0,34.4030,-118.5042,77.0,53.3,"181,972","3,446/sqmi",13.02,118.5,California,46,66.1,"https://wikipedia.org/wiki/Santa_Clarita,_California"
69.1sqmi,60.1,Newport News,160500.0,37.0762,-76.5220,70.7,50.6,"181,825","2,631/sqmi",45.44,86.7,Virginia,--,57.6,"https://wikipedia.org/wiki/Newport_News,_Virginia"
105.6sqmi,--,Cape Coral,198800.0,26.6432,-81.9974,84.7,65.5,"179,804","1,703/sqmi",55.93,95.4,Florida,13,22.1,"https://wikipedia.org/wiki/Cape_Coral,_Florida"
18.4sqmi,69.7,Providence,245400.0,41.8231,-71.4188,60.7,42.6,"179,219","9,740/sqmi",47.18,99.1,Rhode Island,27.4,43.5,"https://wikipedia.org/wiki/Providence,_Rhode_Island"
34.6sqmi,42.6,Fort Lauderdale,286500.0,26.1412,-80.1467,84.5,68.5,"178,752","5,166/sqmi",63.92,90.1,Florida,21.7,29.5,"https://wikipedia.org/wiki/Fort_Lauderdale,_Florida"
143.1sqmi,36.1,Chattanooga,153100.0,35.0660,-85.2484,71.7,50.1,"177,571","1,241/sqmi",52.48,89.9,Tennessee,--,25.9,"https://wikipedia.org/wiki/Chattanooga,_Tennessee"
40.0sqmi,--,Rancho Cucamonga,440000.0,34.1233,-117.5642,77.1,47.1,"176,534","4,413/sqmi",7.38,91.3,California,--,51.4,"https://wikipedia.org/wiki/Rancho_Cucamonga,_California"
41.3sqmi,49.9,Oceanside,469100.0,33.2245,-117.3062,70.4,50.8,"175,464","4,249/sqmi",13.66,90.2,California,31.2,41.3,"https://wikipedia.org/wiki/Oceanside,_California"
41.3sqmi,57.1,Santa Rosa,451200.0,38.4468,-122.7061,71.1,44.2,"175,155","4,241/sqmi",36.28,118.5,California,46,66.1,"https://wikipedia.org/wiki/Santa_Rosa,_California"
18.0sqmi,56.9,Garden Grove,523300.0,33.7788,-117.9605,67.9,40.7,"174,858","9,714/sqmi",19.47,84.5,California,41,50.5,"https://wikipedia.org/wiki/Garden_Grove,_California"
46.9sqmi,71.3,Vancouver,267300.0,45.6349,-122.5957,63.4,44.9,"174,826","3,728/sqmi",39.14,101.8,Washington,46.9,60.5,"https://wikipedia.org/wiki/Vancouver,_Washington"
75.4sqmi,43.7,Sioux Falls,276900.0,43.5383,-96.7320,56.6,34.9,"174,360","2,312/sqmi",26.38,92.4,South Dakota,39.5,46.2,"https://wikipedia.org/wiki/Sioux_Falls,_South_Dakota"
49.9sqmi,39.3,Ontario,390700.0,34.0394,-117.6042,64.7,37.1,"173,212","3,471/sqmi",10.06,87.8,California,37.6,42.0,"https://wikipedia.org/wiki/Ontario,_California"
63.0sqmi,81.3,McKinney,280800.0,33.1985,-96.6680,69.4,46.9,"172,298","2,735/sqmi",50.95,103.6,Texas,57.5,69.2,"https://wikipedia.org/wiki/McKinney,_Texas"
42.2sqmi,--,Elk Grove,378200.0,38.4146,-121.3850,62.2,31.2,"169,743","4,022/sqmi",9.91,90.9,California,--,41.5,"https://wikipedia.org/wiki/Elk_Grove,_California"
111.0sqmi,39.5,Jackson,336400.0,32.3158,-90.2128,71.1,48.6,"169,148","1,524/sqmi",53.27,82.1,Mississippi,--,26.8,"https://wikipedia.org/wiki/Jackson,_Mississippi"
33.0sqmi,44.9,Pembroke Pines,254300.0,26.0210,-80.3404,64.4,47.5,"168,587","5,109/sqmi",42.37,92.1,Florida,--,45.0,"https://wikipedia.org/wiki/Pembroke_Pines,_Florida"
48.6sqmi,63,Salem,317900.0,44.9237,-123.0232,63.6,42.5,"167,419","3,445/sqmi",39.67,95.5,Oregon,57,73.1,"https://wikipedia.org/wiki/Salem,_Oregon"
82.3sqmi,48.1,Springfield,131600.0,37.1942,-93.2913,67.1,45.5,"167,319","2,033/sqmi",45.57,87.8,Missouri,29.6,37.4,"https://wikipedia.org/wiki/Springfield,_Missouri"
39.5sqmi,70.3,Corona,425500.0,33.8620,-117.5655,77.0,55.9,"166,785","4,222/sqmi",40.17,99.7,California,74.4,80.9,"https://wikipedia.org/wiki/Corona,_California"
44.1sqmi,71.3,Eugene,164100.0,44.0567,-123.1162,63.4,41.6,"166,575","3,777/sqmi",46.1,98.5,Oregon,46.9,60.5,"https://wikipedia.org/wiki/Eugene,_Oregon"
55.8sqmi,40.2,Fort Collins,251300.0,40.5482,-105.0648,64.1,35.7,"164,207","2,943/sqmi",16.53,102.2,Colorado,20.1,34.4,"https://wikipedia.org/wiki/Fort_Collins,_Colorado"
175.7sqmi,72,Peoria,255700.0,33.7862,-112.3080,61.5,42.2,"164,173",934/sqmi,36.49,92.1,Arizona,50.8,64.7,"https://wikipedia.org/wiki/Peoria,_Arizona"
67.7sqmi,55.9,Frisco,351600.0,33.1554,-96.8226,67.0,50.7,"163,656","2,417/sqmi",18.04,90.2,Texas,30.3,46.3,"https://wikipedia.org/wiki/Frisco,_Texas"
56.5sqmi,--,Cary,312500.0,35.7809,-78.8133,64.6,34.3,"162,320","2,873/sqmi",11.31,95.3,North Carolina,18.1,34.6,"https://wikipedia.org/wiki/Cary,_North_Carolina"
94.3sqmi,58.9,Lancaster,240600.0,34.6936,-118.1753,62.0,42.4,"160,106","1,698/sqmi",42.01,98.7,California,42.8,64.6,"https://wikipedia.org/wiki/Lancaster,_California"
45.5sqmi,51.1,Hayward,542900.0,37.6287,-122.1024,46.0,35.1,"158,937","3,493/sqmi",73.32,121.9,California,64.9,80.4,"https://wikipedia.org/wiki/Hayward,_California"
106.0sqmi,51.4,Palmdale,265500.0,34.5910,-118.1054,78.3,60.5,"157,356","1,484/sqmi",52.71,89.3,California,29.2,39.9,"https://wikipedia.org/wiki/Palmdale,_California"
23.6sqmi,43.7,Salinas,234200.0,36.6902,-121.6337,64.1,48.4,"157,218","6,662/sqmi",16.12,108.5,California,39.5,46.2,"https://wikipedia.org/wiki/Salinas,_California"
15.0sqmi,49.9,Alexandria,467900.0,38.8201,-77.0841,66.8,49.6,"155,810","10,387/sqmi",39.74,88.3,Virginia,44.3,49.2,"https://wikipedia.org/wiki/Alexandria,_Virginia"
42.9sqmi,--,Lakewood,339300.0,39.6989,-105.1176,63.6,42.4,"154,393","3,599/sqmi",49.09,106.0,Colorado,--,41.3,"https://wikipedia.org/wiki/Lakewood,_Colorado"
31.9sqmi,48.1,Springfield,131600.0,42.1155,-72.5400,67.1,45.5,"154,074","4,830/sqmi",45.57,87.8,Massachusetts,29.6,37.4,"https://wikipedia.org/wiki/Springfield,_Massachusetts"
43.5sqmi,53.1,Pasadena,779000.0,29.6586,-95.1506,53.8,33.3,"153,351","3,525/sqmi",34.96,84.5,Texas,35.1,48.8,"https://wikipedia.org/wiki/Pasadena,_Texas"
22.0sqmi,63,Sunnyvale,1197400.0,37.3858,-122.0263,66.2,40.0,"152,771","6,944/sqmi",7.5,87.6,California,57,73.1,"https://wikipedia.org/wiki/Sunnyvale,_California"
249.3sqmi,72.6,Macon,255600.0,32.8088,-83.6942,76.5,52.6,"152,555",612/sqmi,45.68,91.5,Georgia,38.3,48.7,"https://wikipedia.org/wiki/Macon,_Georgia"
23.0sqmi,70.3,Pomona,386100.0,34.0585,-117.7611,57.0,39.7,"152,494","6,630/sqmi",30.91,94.6,California,74.4,80.9,"https://wikipedia.org/wiki/Pomona,_California"
27.3sqmi,44.7,Hollywood,228100.0,26.0310,-80.1646,58.5,41.5,"151,998","5,568/sqmi",36.46,89.2,Florida,--,45.9,"https://wikipedia.org/wiki/Hollywood,_Florida"
124.8sqmi,40.3,Kansas City,303800.0,39.1225,-94.7418,64.8,44.7,"151,709","1,216/sqmi",42.18,93.7,Kansas,28.7,34.2,"https://wikipedia.org/wiki/Kansas_City,_Kansas"
37.1sqmi,--,Escondido,469300.0,33.1331,-117.0740,70.3,47.9,"151,613","4,087/sqmi",32.91,100.4,California,--,51.4,"https://wikipedia.org/wiki/Escondido,_California"
98.3sqmi,39.5,Clarksville,167100.0,36.5664,-87.3452,69.0,46.8,"150,287","1,529/sqmi",50.18,91.0,Tennessee,--,26.8,"https://wikipedia.org/wiki/Clarksville,_Tennessee"
64.4sqmi,44.7,Joliet,138200.0,41.5177,-88.1488,59.6,41.0,"148,262","2,302/sqmi",40.07,88.1,Illinois,--,45.9,"https://wikipedia.org/wiki/Joliet,_Illinois"
63.5sqmi,53.9,Rockford,65800.0,42.2588,-89.0646,59.3,39.2,"147,651","2,325/sqmi",36.24,90.6,Illinois,28.2,41.8,"https://wikipedia.org/wiki/Rockford,_Illinois"
20.5sqmi,42.6,Torrance,714300.0,33.8350,-118.3414,74.6,52.8,"147,195","7,180/sqmi",42.91,94.0,California,21.7,29.5,"https://wikipedia.org/wiki/Torrance,_California"
38.7sqmi,--,Naperville,350500.0,41.7492,-88.1620,60.1,39.8,"147,122","3,802/sqmi",36.91,120.1,Illinois,--,20.9,"https://wikipedia.org/wiki/Naperville,_Illinois"
8.4sqmi,51.6,Paterson,153500.0,40.9148,-74.1628,53.6,32.5,"147,000","17,500/sqmi",22.08,87.8,New Jersey,22.1,29.6,"https://wikipedia.org/wiki/Paterson,_New_Jersey"
103.6sqmi,57.1,Savannah,190700.0,32.0025,-81.1536,77.4,56.1,"146,763","1,417/sqmi",47.96,93.6,Georgia,46,66.1,"https://wikipedia.org/wiki/Savannah,_Georgia"
16.1sqmi,57.5,Bridgeport,145100.0,41.1874,-73.1958,60.3,44.7,"145,936","9,064/sqmi",42.74,90.0,Connecticut,14.5,29.0,"https://wikipedia.org/wiki/Bridgeport,_Connecticut"
47.2sqmi,58.5,Mesquite,172800.0,32.7629,-96.5888,72.7,51.1,"143,736","3,045/sqmi",42.04,98.7,Texas,25.3,37.3,"https://wikipedia.org/wiki/Mesquite,_Texas"
53.5sqmi,--,Killeen,287600.0,31.0777,-97.7320,77.5,57.3,"143,400","2,680/sqmi",32.12,89.3,Texas,49.1,62.1,"https://wikipedia.org/wiki/Killeen,_Texas"
25.0sqmi,56.9,Syracuse,246300.0,43.0410,-76.1436,57.7,39.0,"143,378","5,735/sqmi",38.47,95.9,New York,41,50.5,"https://wikipedia.org/wiki/Syracuse,_New_York"
58.4sqmi,49.9,McAllen,287600.0,26.2322,-98.2464,85.9,65.3,"142,212","2,435/sqmi",22.2,85.1,Texas,44.3,49.2,"https://wikipedia.org/wiki/McAllen,_Texas"
23.0sqmi,53.1,Pasadena,779000.0,34.1606,-118.1396,53.8,33.3,"142,059","6,176/sqmi",34.96,84.5,California,35.1,48.8,"https://wikipedia.org/wiki/Pasadena,_California"
33.5sqmi,50.8,Bellevue,754400.0,47.5979,-122.1565,60.3,45.4,"141,400","4,221/sqmi",36.15,109.4,Washington,47.1,59.5,"https://wikipedia.org/wiki/Bellevue,_Washington"
22.4sqmi,49.3,Fullerton,565200.0,33.8857,-117.9280,61.4,40.9,"140,721","6,282/sqmi",45.35,110.1,California,36.8,48.7,"https://wikipedia.org/wiki/Fullerton,_California"
25.4sqmi,53,Orange,652800.0,33.7870,-117.8613,75.6,53.1,"140,504","5,532/sqmi",46.73,88.7,California,32.5,42.1,"https://wikipedia.org/wiki/Orange,_California"
55.7sqmi,70.3,Dayton,226600.0,39.7774,-84.1996,61.1,42.8,"140,489","2,522/sqmi",41.05,90.5,Ohio,74.4,80.9,"https://wikipedia.org/wiki/Dayton,_Ohio"
29.4sqmi,59.7,Miramar,243300.0,25.9770,-80.3358,81.4,71.1,"138,449","4,709/sqmi",51.73,88.6,Florida,59.4,79.2,"https://wikipedia.org/wiki/Miramar,_Florida"
35.7sqmi,42.9,Thornton,323300.0,39.9194,-104.9428,60.2,34.6,"136,703","3,829/sqmi",51.71,112.0,Colorado,--,37.4,"https://wikipedia.org/wiki/Thornton,_Colorado"
35.5sqmi,66.3,West Valley City,236900.0,40.6885,-112.0118,66.9,44.9,"136,574","3,847/sqmi",62.39,89.4,Utah,70,87.3,"https://wikipedia.org/wiki/West_Valley_City,_Utah"
60.9sqmi,40.8,Olathe,132700.0,38.8843,-94.8195,87.8,59.5,"135,473","2,225/sqmi",3.83,88.7,Kansas,--,45.1,"https://wikipedia.org/wiki/Olathe,_Kansas"
51.5sqmi,49.3,Hampton,142200.0,37.0480,-76.2971,70.7,50.6,"135,410","2,629/sqmi",45.44,120.1,Virginia,36.8,48.7,"https://wikipedia.org/wiki/Hampton,_Virginia"
34.4sqmi,68.9,Warren,404200.0,42.4929,-83.0250,65.8,43.1,"135,125","3,928/sqmi",42.94,91.5,Michigan,33.8,47.1,"https://wikipedia.org/wiki/Warren,_Michigan"
74.4sqmi,53,Midland,264400.0,32.0246,-102.1135,77.4,50.4,"134,610","1,809/sqmi",14.6,100.5,Texas,32.5,42.1,"https://wikipedia.org/wiki/Midland,_Texas"
89.0sqmi,57,Waco,243500.0,31.5601,-97.1860,77.9,55.7,"134,432","1,510/sqmi",34.69,91.5,Texas,17.4,38.9,"https://wikipedia.org/wiki/Waco,_Texas"
109.0sqmi,36.1,Charleston,275900.0,32.8179,-79.9590,65.7,45.7,"134,385","1,233/sqmi",44.03,87.5,South Carolina,--,25.9,"https://wikipedia.org/wiki/Charleston,_South_Carolina"
133.5sqmi,46.5,Columbia,301400.0,34.0291,-80.8980,70.5,46.0,"134,309","1,006/sqmi",54.28,93.1,South Carolina,31,40.7,"https://wikipedia.org/wiki/Columbia,_South_Carolina"
93.4sqmi,55,Denton,216700.0,33.2166,-97.1414,76.1,52.3,"133,808","1,433/sqmi",38.36,98.5,Texas,37.9,55.4,"https://wikipedia.org/wiki/Denton,_Texas"
36.3sqmi,36.1,Carrollton,248100.0,32.9884,-96.8998,71.0,48.3,"133,351","3,674/sqmi",51.39,98.1,Texas,--,25.9,"https://wikipedia.org/wiki/Carrollton,_Texas"
107.9sqmi,53.1,Surprise,219200.0,33.6706,-112.4527,77.7,55.5,"132,677","1,230/sqmi",54.31,87.7,Arizona,35.1,48.8,"https://wikipedia.org/wiki/Surprise,_Arizona"
43.0sqmi,39.5,Roseville,413600.0,38.7690,-121.3189,73.2,49.7,"132,671","3,085/sqmi",48.91,93.0,California,--,26.8,"https://wikipedia.org/wiki/Roseville,_California"
36.5sqmi,42.9,Sterling Heights,321000.0,42.5812,-83.0303,65.6,36.6,"132,427","3,628/sqmi",15.89,81.9,Michigan,--,37.4,"https://wikipedia.org/wiki/Sterling_Heights,_Michigan"
55.9sqmi,39.6,Murfreesboro,214400.0,35.8522,-86.4160,70.3,44.8,"131,947","2,360/sqmi",54.36,93.9,Tennessee,--,29.1,"https://wikipedia.org/wiki/Murfreesboro,_Tennessee"
62.3sqmi,39.5,Gainesville,433800.0,29.6788,-82.3461,73.9,52.3,"131,591","2,112/sqmi",37.83,89.2,Florida,--,26.8,"https://wikipedia.org/wiki/Gainesville,_Florida"
70.8sqmi,53.1,Cedar Rapids,158700.0,41.9670,-91.6778,58.4,38.0,"131,127","1,852/sqmi",34.61,89.8,Iowa,35.1,48.8,"https://wikipedia.org/wiki/Cedar_Rapids,_Iowa"
37.5sqmi,43.7,Visalia,431600.0,36.3273,-119.3289,75.0,51.6,"131,074","3,495/sqmi",10.93,96.0,California,39.5,46.2,"https://wikipedia.org/wiki/Visalia,_California"
23.8sqmi,46.4,Coral Springs,306000.0,26.2707,-80.2593,82.4,69.4,"130,059","5,465/sqmi",60.0,100.2,Florida,17.8,35.5,"https://wikipedia.org/wiki/Coral_Springs,_Florida"
18.7sqmi,60.1,New Haven,167200.0,41.3108,-72.9250,60.3,44.7,"129,934","6,948/sqmi",42.74,112.1,Connecticut,--,57.6,"https://wikipedia.org/wiki/New_Haven,_Connecticut"
37.6sqmi,56.1,Stamford,459800.0,41.0799,-73.5460,59.4,42.5,"129,113","3,434/sqmi",49.35,87.8,Connecticut,57.8,69.4,"https://wikipedia.org/wiki/Stamford,_Connecticut"
55.2sqmi,43.6,Thousand Oaks,675400.0,34.1933,-118.8742,71.8,48.5,"128,888","2,335/sqmi",43.73,116.1,California,22.7,39.5,"https://wikipedia.org/wiki/Thousand_Oaks,_California"
30.5sqmi,--,Concord,504100.0,37.9722,-122.0016,58.0,34.8,"128,726","4,221/sqmi",40.61,90.6,California,22.3,32.0,"https://wikipedia.org/wiki/Concord,_California"
12.3sqmi,--,Elizabeth,412300.0,40.6664,-74.1935,67.6,45.8,"128,640","10,459/sqmi",46.69,86.1,New Jersey,38,69.4,"https://wikipedia.org/wiki/Elizabeth,_New_Jersey"
53.8sqmi,--,Lafayette,1175000.0,30.2074,-92.0285,77.3,57.8,"127,626","2,372/sqmi",64.53,89.2,Louisiana,--,20.9,"https://wikipedia.org/wiki/Lafayette,_Louisiana"
33.7sqmi,61.1,Kent,311000.0,47.3880,-122.2127,70.4,48.1,"127,514","3,784/sqmi",49.14,92.1,Washington,36.4,44.2,"https://wikipedia.org/wiki/Kent,_Washington"
61.5sqmi,44.7,Topeka,245900.0,39.0347,-95.6962,66.1,44.2,"126,808","2,062/sqmi",36.46,89.4,Kansas,--,45.9,"https://wikipedia.org/wiki/Topeka,_Kansas"
41.5sqmi,63,Simi Valley,518600.0,34.2669,-118.7485,77.0,53.3,"126,327","3,044/sqmi",13.02,96.1,California,57,73.1,"https://wikipedia.org/wiki/Simi_Valley,_California"
18.4sqmi,57.1,Santa Clara,891200.0,37.3646,-121.9679,77.0,53.3,"125,948","6,845/sqmi",13.02,118.5,California,46,66.1,"https://wikipedia.org/wiki/Santa_Clara,_California"
116.4sqmi,54.3,Athens,279800.0,33.9496,-83.3701,76.0,53.9,"123,371","1,060/sqmi",42.94,105.2,Georgia,32.2,40.8,"https://wikipedia.org/wiki/Athens,_Georgia"
17.4sqmi,56.1,Hartford,135300.0,41.7659,-72.6816,60.8,41.6,"123,243","7,083/sqmi",43.6,100.8,Connecticut,57.8,69.4,"https://wikipedia.org/wiki/Hartford,_Connecticut"
73.3sqmi,39.5,Victorville,215500.0,34.5277,-117.3536,80.8,59.6,"122,265","1,668/sqmi",41.22,94.1,California,--,26.8,"https://wikipedia.org/wiki/Victorville,_California"
106.7sqmi,51.4,Abilene,287600.0,32.4545,-99.7381,76.2,52.9,"122,225","1,146/sqmi",24.82,91.0,Texas,29.2,39.9,"https://wikipedia.org/wiki/Abilene,_Texas"
178.8sqmi,72,Norman,158000.0,35.2406,-97.3453,59.3,37.4,"122,180",683/sqmi,48.39,87.8,Oklahoma,50.8,64.7,"https://wikipedia.org/wiki/Norman,_Oklahoma"
30.7sqmi,44.7,Vallejo,343400.0,38.1079,-122.2640,69.1,43.7,"121,299","3,951/sqmi",20.39,115.9,California,--,45.9,"https://wikipedia.org/wiki/Vallejo,_California"
10.5sqmi,51.1,Berkeley,1000400.0,37.8670,-122.2991,61.3,42.5,"121,240","11,547/sqmi",41.19,110.1,California,64.9,80.4,"https://wikipedia.org/wiki/Berkeley,_California"
35.6sqmi,47,Round Rock,253700.0,30.5252,-97.6660,79.8,59.0,"120,892","3,396/sqmi",34.32,99.5,Texas,--,40.6,"https://wikipedia.org/wiki/Round_Rock,_Texas"
28.1sqmi,60.8,Ann Arbor,280900.0,42.2761,-83.7309,58.8,36.5,"120,782","4,298/sqmi",32.81,101.9,Michigan,35,42.6,"https://wikipedia.org/wiki/Ann_Arbor,_Michigan"
49.3sqmi,--,Fargo,147400.0,46.8652,-96.8290,52.7,32.0,"120,762","2,450/sqmi",22.58,92.9,North Dakota,--,41.3,"https://wikipedia.org/wiki/Fargo,_North_Dakota"
65.0sqmi,46.5,Columbia,301400.0,38.9473,-92.3264,70.5,46.0,"120,612","1,856/sqmi",54.28,93.1,Missouri,31,40.7,"https://wikipedia.org/wiki/Columbia,_Missouri"
17.5sqmi,42.9,Allentown,113500.0,40.5936,-75.4784,61.4,40.9,"120,443","6,882/sqmi",45.35,91.0,Pennsylvania,--,37.4,"https://wikipedia.org/wiki/Allentown,_Pennsylvania"
47.3sqmi,39.5,Evansville,218500.0,37.9877,-87.5347,66.9,45.8,"119,477","2,526/sqmi",45.31,90.0,Indiana,--,26.8,"https://wikipedia.org/wiki/Evansville,_Indiana"
82.1sqmi,61.1,Beaumont,285700.0,30.0849,-94.1453,78.4,59.7,"118,299","1,441/sqmi",60.47,90.2,Texas,36.4,44.2,"https://wikipedia.org/wiki/Beaumont,_Texas"
45.2sqmi,58.5,Odessa,208200.0,31.8838,-102.3411,77.4,50.4,"117,871","2,608/sqmi",14.6,97.6,Texas,25.3,37.3,"https://wikipedia.org/wiki/Odessa,_Texas"
51.6sqmi,42.9,Wilmington,434000.0,34.2092,-77.8858,74.1,53.8,"117,525","2,278/sqmi",57.61,94.0,North Carolina,--,37.4,"https://wikipedia.org/wiki/Wilmington,_North_Carolina"
38.6sqmi,60.8,Arvada,386400.0,39.8337,-105.1503,73.6,52.0,"117,453","3,043/sqmi",55.85,99.2,Colorado,35,42.6,"https://wikipedia.org/wiki/Arvada,_Colorado"
77.8sqmi,51.6,Independence,144800.0,39.0855,-94.3521,57.1,34.7,"117,030","1,504/sqmi",28.71,97.8,Missouri,22.1,29.6,"https://wikipedia.org/wiki/Independence,_Missouri"
41.7sqmi,57,Provo,386100.0,40.2453,-111.6448,63.2,35.0,"116,868","2,803/sqmi",13.49,97.5,Utah,17.4,38.9,"https://wikipedia.org/wiki/Provo,_Utah"
39.1sqmi,45.5,Lansing,229500.0,42.7143,-84.5593,57.5,39.1,"116,020","2,967/sqmi",31.77,98.7,Michigan,36.7,50.9,"https://wikipedia.org/wiki/Lansing,_Michigan"
9.6sqmi,--,El Monte,466200.0,34.0746,-118.0291,63.7,35.8,"115,807","12,063/sqmi",11.32,89.6,California,--,26.9,"https://wikipedia.org/wiki/El_Monte,_California"
60.1sqmi,48.1,Springfield,131600.0,39.7911,-89.6446,67.1,45.5,"115,715","1,925/sqmi",45.57,87.8,Illinois,29.6,37.4,"https://wikipedia.org/wiki/Springfield,_Illinois"
40.9sqmi,48.1,Fairfield,553800.0,38.2593,-122.0321,76.9,53.6,"114,756","2,806/sqmi",6.47,115.9,California,29.6,37.4,"https://wikipedia.org/wiki/Fairfield,_California"
25.9sqmi,36.1,Clearwater,179700.0,27.9789,-82.7666,71.8,42.0,"114,361","4,415/sqmi",43.2,84.4,Florida,--,25.9,"https://wikipedia.org/wiki/Clearwater,_Florida"
48.2sqmi,72,Peoria,255700.0,40.7515,-89.6174,61.5,42.2,"114,265","2,371/sqmi",36.49,92.1,Illinois,50.8,64.7,"https://wikipedia.org/wiki/Peoria,_Illinois"
54.6sqmi,58.9,Rochester,201200.0,44.0154,-92.4772,57.2,39.3,"114,011","2,088/sqmi",34.27,97.6,Minnesota,42.8,64.6,"https://wikipedia.org/wiki/Rochester,_Minnesota"
37.7sqmi,39.1,Carlsbad,747400.0,33.1239,-117.2828,77.7,48.2,"113,952","3,023/sqmi",13.67,116.6,California,28.8,39.4,"https://wikipedia.org/wiki/Carlsbad,_California"
31.7sqmi,34.3,Westminster,323000.0,39.8822,-105.0644,63.0,41.6,"113,875","3,592/sqmi",42.21,91.3,Colorado,--,23.0,"https://wikipedia.org/wiki/Westminster,_Colorado"
32.3sqmi,44.9,West Jordan,286400.0,40.6024,-112.0008,68.1,45.4,"113,699","3,520/sqmi",46.22,87.8,Utah,--,45.0,"https://wikipedia.org/wiki/West_Jordan,_Utah"
46.3sqmi,39.1,Pearland,251500.0,29.5558,-95.3231,63.4,44.9,"113,570","2,453/sqmi",39.14,87.8,Texas,28.8,39.4,"https://wikipedia.org/wiki/Pearland,_Texas"
28.6sqmi,--,Richardson,273300.0,32.9723,-96.7081,70.0,47.4,"113,347","3,963/sqmi",44.73,90.7,Texas,--,51.4,"https://wikipedia.org/wiki/Richardson,_Texas"
12.4sqmi,--,Downey,471100.0,33.9382,-118.1309,64.1,48.4,"113,267","9,134/sqmi",16.12,84.9,California,--,26.9,"https://wikipedia.org/wiki/Downey,_California"
18.2sqmi,59.7,Miami Gardens,310600.0,25.9489,-80.2436,81.4,71.1,"113,058","6,212/sqmi",51.73,82.7,Florida,59.4,79.2,"https://wikipedia.org/wiki/Miami_Gardens,_Florida"
37.3sqmi,43.6,Temecula,417000.0,33.4931,-117.1317,71.8,48.5,"113,054","3,031/sqmi",43.73,87.8,California,22.7,39.5,"https://wikipedia.org/wiki/Temecula,_California"
15.7sqmi,58.5,Costa Mesa,780000.0,33.6659,-117.9123,84.3,64.5,"112,822","7,186/sqmi",53.23,81.1,California,25.3,37.3,"https://wikipedia.org/wiki/Costa_Mesa,_California"
51.0sqmi,50.8,College Station,355100.0,30.5852,-96.2964,79.2,58.9,"112,141","2,199/sqmi",40.06,93.5,Texas,47.1,59.5,"https://wikipedia.org/wiki/College_Station,_Texas"
37.4sqmi,42.9,Elgin,164100.0,42.0396,-88.3217,60.1,39.8,"112,123","2,998/sqmi",36.91,94.2,Illinois,--,37.4,"https://wikipedia.org/wiki/Elgin,_Illinois"
33.6sqmi,60.8,Murrieta,386500.0,33.5721,-117.1904,69.0,49.3,"111,674","3,324/sqmi",52.86,81.3,California,35,42.6,"https://wikipedia.org/wiki/Murrieta,_California"
23.3sqmi,39.2,Gresham,294700.0,45.5023,-122.4416,79.4,55.5,"111,523","4,786/sqmi",38.67,90.0,Oregon,27.3,29.1,"https://wikipedia.org/wiki/Gresham,_Oregon"
55.2sqmi,43.5,High Point,300700.0,35.9900,-79.9905,59.7,32.2,"111,223","2,015/sqmi",18.58,90.0,North Carolina,--,35.0,"https://wikipedia.org/wiki/High_Point,_North_Carolina"
29.4sqmi,42,Antioch,391000.0,37.9791,-121.7962,80.8,58.9,"110,898","3,772/sqmi",30.51,92.9,California,36.3,37.6,"https://wikipedia.org/wiki/Antioch,_California"
9.1sqmi,44.7,Inglewood,429900.0,33.9561,-118.3443,63.6,42.4,"110,654","12,160/sqmi",49.09,94.1,California,--,45.9,"https://wikipedia.org/wiki/Inglewood,_California"
6.4sqmi,53.1,Cambridge,256900.0,42.3760,-71.1187,63.4,38.6,"110,651","17,289/sqmi",41.74,110.3,Massachusetts,35.1,48.8,"https://wikipedia.org/wiki/Cambridge,_Massachusetts"
13.6sqmi,56,Lowell,222400.0,42.6390,-71.3211,58.6,39.7,"110,558","8,129/sqmi",43.16,90.6,Massachusetts,51.3,67.4,"https://wikipedia.org/wiki/Lowell,_Massachusetts"
33.1sqmi,58.9,Manchester,160400.0,42.9849,-71.4441,58.0,34.8,"110,506","3,339/sqmi",40.61,107.9,New Hampshire,42.8,64.6,"https://wikipedia.org/wiki/Manchester,_New_Hampshire"
43.7sqmi,28.6,Billings,234200.0,45.7885,-108.5499,59.5,36.8,"110,323","2,525/sqmi",13.66,98.8,Montana,25.3,35.4,"https://wikipedia.org/wiki/Billings,_Montana"
53.6sqmi,57,Pueblo,375300.0,38.2699,-104.6123,68.7,35.3,"110,291","2,058/sqmi",12.57,92.1,Colorado,17.4,38.9,"https://wikipedia.org/wiki/Pueblo,_Colorado"
65.7sqmi,53.2,Palm Bay,146300.0,27.9856,-80.6626,78.3,60.5,"110,104","1,676/sqmi",52.71,95.3,Florida,30.3,50.0,"https://wikipedia.org/wiki/Palm_Bay,_Florida"
29.5sqmi,37,Centennial,380900.0,39.5906,-104.8691,66.4,44.2,"109,932","3,727/sqmi",41.54,98.1,Colorado,43.2,50.4,"https://wikipedia.org/wiki/Centennial,_Colorado"
30.1sqmi,--,Richmond,200300.0,37.9523,-122.3606,70.0,47.4,"109,813","3,648/sqmi",44.73,96.1,California,--,51.4,"https://wikipedia.org/wiki/Richmond,_California"
21.8sqmi,39.2,Ventura,524700.0,34.2678,-119.2542,61.9,41.1,"109,592","5,027/sqmi",55.07,99.1,California,27.3,29.1,"https://wikipedia.org/wiki/Ventura,_California"
24.0sqmi,66.4,Pompano Beach,176400.0,26.2416,-80.1339,82.4,69.4,"109,393","4,558/sqmi",60.0,97.5,Florida,--,69.9,"https://wikipedia.org/wiki/Pompano_Beach,_Florida"
73.7sqmi,--,North Charleston,275900.0,32.9178,-80.0650,65.7,45.7,"109,298","1,483/sqmi",44.03,96.1,South Carolina,29.1,40.6,"https://wikipedia.org/wiki/North_Charleston,_South_Carolina"
33.3sqmi,49.9,Everett,308400.0,47.9566,-122.1914,57.6,44.8,"109,043","3,275/sqmi",36.05,94.2,Washington,31.2,41.3,"https://wikipedia.org/wiki/Everett,_Washington"
28.5sqmi,56.1,Waterbury,92500.0,41.5585,-73.0367,60.9,39.9,"108,272","3,799/sqmi",47.82,94.9,Connecticut,34.7,43.4,"https://wikipedia.org/wiki/Waterbury,_Connecticut"
55.1sqmi,45.9,West Palm Beach,205400.0,26.7464,-80.1251,83.0,67.8,"108,161","1,963/sqmi",62.33,106.8,Florida,19.7,32.9,"https://wikipedia.org/wiki/West_Palm_Beach,_Florida"
24.8sqmi,44.7,Boulder,236200.0,40.0270,-105.2519,45.9,24.9,"108,090","4,358/sqmi",28.39,110.1,Colorado,--,45.9,"https://wikipedia.org/wiki/Boulder,_Colorado"
16.0sqmi,44.9,West Covina,505100.0,34.0559,-117.9099,68.1,45.4,"107,847","6,740/sqmi",46.22,103.5,California,--,45.0,"https://wikipedia.org/wiki/West_Covina,_California"
61.7sqmi,39.6,Broken Arrow,210400.0,36.0365,-95.7810,77.4,54.2,"107,403","1,741/sqmi",54.02,94.6,Oklahoma,--,29.1,"https://wikipedia.org/wiki/Broken_Arrow,_Oklahoma"
24.2sqmi,45.8,Clovis,292300.0,36.8282,-119.6849,71.8,39.7,"106,583","4,404/sqmi",18.35,98.1,California,35.5,42.3,"https://wikipedia.org/wiki/Clovis,_California"
7.6sqmi,40.3,Daly City,786300.0,37.7009,-122.4650,79.1,58.3,"106,472","14,009/sqmi",46.38,88.6,California,28.7,34.2,"https://wikipedia.org/wiki/Daly_City,_California"
65.9sqmi,60.9,Lakeland,158000.0,28.0555,-81.9549,67.0,50.7,"106,420","1,615/sqmi",18.04,88.7,Florida,55.1,72.0,"https://wikipedia.org/wiki/Lakeland,_Florida"
22.8sqmi,57.1,Santa Maria,483300.0,34.9332,-120.4438,68.6,46.5,"106,290","4,662/sqmi",13.95,100.1,California,46,66.1,"https://wikipedia.org/wiki/Santa_Maria,_California"
9.7sqmi,--,Norwalk,426800.0,33.9076,-118.0835,59.4,42.5,"106,178","10,946/sqmi",49.35,120.1,California,35.8,45.4,"https://wikipedia.org/wiki/Norwalk,_California"
37.7sqmi,46.4,Sandy Springs,448900.0,33.9315,-84.3687,68.1,45.0,"105,703","2,804/sqmi",47.9,96.1,Georgia,17.8,35.5,"https://wikipedia.org/wiki/Sandy_Springs,_Georgia"
25.0sqmi,39.6,Hillsboro,329100.0,45.5280,-122.9357,63.4,44.9,"105,164","4,207/sqmi",39.14,93.0,Oregon,--,29.1,"https://wikipedia.org/wiki/Hillsboro,_Oregon"
45.4sqmi,39.6,Green Bay,161800.0,44.5207,-87.9842,53.6,35.0,"105,139","2,316/sqmi",29.52,91.6,Wisconsin,--,29.1,"https://wikipedia.org/wiki/Green_Bay,_Wisconsin"
56.6sqmi,44.7,Tyler,182900.0,32.3173,-95.3059,75.2,55.6,"104,798","1,852/sqmi",45.79,94.0,Texas,--,45.9,"https://wikipedia.org/wiki/Tyler,_Texas"
72.2sqmi,43.5,Wichita Falls,146200.0,33.9067,-98.5259,75.8,51.0,"104,724","1,450/sqmi",28.92,90.1,Texas,--,35.0,"https://wikipedia.org/wiki/Wichita_Falls,_Texas"
36.7sqmi,39.5,Lewisville,238300.0,33.0466,-96.9818,67.8,48.6,"104,659","2,852/sqmi",44.91,88.7,Texas,--,26.8,"https://wikipedia.org/wiki/Lewisville,_Texas"
17.4sqmi,39.2,Burbank,716000.0,34.1901,-118.3264,38.2,22.6,"104,447","6,003/sqmi",10.81,110.1,California,27.3,29.1,"https://wikipedia.org/wiki/Burbank,_California"
47.8sqmi,39.6,Greeley,161800.0,40.4153,-104.7697,76.7,53.4,"103,990","2,176/sqmi",22.97,99.7,Colorado,--,29.1,"https://wikipedia.org/wiki/Greeley,_Colorado"
12.1sqmi,45.5,San Mateo,1042400.0,37.5603,-122.3106,80.3,57.4,"103,959","8,592/sqmi",34.62,100.1,California,36.7,50.9,"https://wikipedia.org/wiki/San_Mateo,_California"
14.5sqmi,--,El Cajon,445600.0,32.8017,-116.9604,79.3,59.3,"103,768","7,156/sqmi",47.21,89.3,California,--,41.5,"https://wikipedia.org/wiki/El_Cajon,_California"
42.9sqmi,45.8,Jurupa Valley,151800.0,34.0026,-117.4676,79.6,50.8,"103,541","2,414/sqmi",5.11,87.7,California,35.5,42.3,"https://wikipedia.org/wiki/Jurupa_Valley,_California"
22.3sqmi,56.1,Rialto,291600.0,34.1118,-117.3883,71.6,48.9,"103,314","4,633/sqmi",46.67,95.8,California,57.8,69.4,"https://wikipedia.org/wiki/Rialto,_California"
62.9sqmi,71.3,Davenport,196400.0,41.5541,-90.6040,59.4,39.2,"102,612","1,631/sqmi",36.03,94.2,Iowa,46.9,60.5,"https://wikipedia.org/wiki/Davenport,_Iowa"
51.2sqmi,66.3,League City,252200.0,29.4901,-95.1091,73.4,49.5,"102,010","1,992/sqmi",49.99,106.8,Texas,70,87.3,"https://wikipedia.org/wiki/League_City,_Texas"
30.1sqmi,72.6,Edison,331400.0,40.5040,-74.3494,56.0,36.9,"101,996","3,389/sqmi",34.48,97.8,New Jersey,38.3,48.7,"https://wikipedia.org/wiki/Edison,_New_Jersey"
34.9sqmi,69.7,Davie,257800.0,26.0791,-80.2850,68.5,48.5,"101,871","2,919/sqmi",44.44,81.2,Florida,27.4,43.5,"https://wikipedia.org/wiki/Davie,_Florida"
76.9sqmi,52,Las Cruces,210000.0,32.3264,-106.7897,77.6,47.4,"101,759","1,323/sqmi",9.74,92.3,New Mexico,33.4,41.1,"https://wikipedia.org/wiki/Las_Cruces,_New_Mexico"
41.4sqmi,39.3,South Bend,283900.0,41.6769,-86.2690,58.8,40.8,"101,735","2,457/sqmi",38.0,89.3,Indiana,37.6,42.0,"https://wikipedia.org/wiki/South_Bend,_Indiana"
18.7sqmi,45.8,Vista,481400.0,33.1895,-117.2386,75.0,51.6,"101,659","5,436/sqmi",10.93,99.1,California,35.5,42.3,"https://wikipedia.org/wiki/Vista,_California"
23.3sqmi,46.4,Woodbridge,299100.0,40.5607,-74.2927,71.2,41.5,"101,389","4,351/sqmi",25.62,100.2,New Jersey,17.8,35.5,"https://wikipedia.org/wiki/Woodbridge_Township,_New_Jersey"
23.4sqmi,48.1,Renton,392200.0,47.4761,-122.1920,76.1,52.3,"100,953","4,314/sqmi",38.36,98.1,Washington,27.7,37.6,"https://wikipedia.org/wiki/Renton,_Washington"
24.7sqmi,--,Lakewood,339300.0,40.0771,-74.2004,63.6,42.4,"100,758","4,079/sqmi",49.09,106.0,New Jersey,--,41.3,"https://wikipedia.org/wiki/Lakewood_Township,_New_Jersey"
59.9sqmi,42,San Angelo,190300.0,31.4411,-100.4505,80.8,58.9,"100,702","1,681/sqmi",30.51,93.9,Texas,36.3,37.6,"https://wikipedia.org/wiki/San_Angelo,_Texas"
28.1sqmi,42.9,Clinton,250400.0,42.5903,-82.9170,60.5,40.7,"100,392","3,573/sqmi",34.59,102.2,Michigan,--,37.4,"https://wikipedia.org/wiki/Clinton_Township,_Macomb_County,_Michigan"
